inspection_id,timestamp,batch_id,product_id,expected_allergens,extracted_allergens_ocr,ocr_raw_text,inspection_status,discrepancy_note
OCR-9001,2026-09-01 08:24:00,BAT-5001,PROD_05,"GLUTEN,CACAHUETE,SOJA","GLUTEN,CACAHUETE,SOJA","INGREDIENTES: Harina de trigo, azúcar, aceites vegetales. Contiene: GLUTEN, CACAHUETE, SOJA. Conservar en lugar fresco.",PASS,Etiqueta conforme. Alérgenos declarados y resaltados.
OCR-9002,2026-09-01 08:38:00,BAT-5001,PROD_05,"GLUTEN,CACAHUETE,SOJA","GLUTEN,CACAHUETE,SOJA","INGREDIENTES: Harina de trigo, azúcar, aceites vegetales. Contiene: GLUTEN, CACAHUETE, SOJA. Conservar en lugar fresco.",PASS,Etiqueta conforme. Alérgenos declarados y resaltados.
OCR-9003,2026-09-01 08:34:00,BAT-5001,PROD_05,"GLUTEN,CACAHUETE,SOJA","GLUTEN,CACAHUETE,SOJA","INGREDIENTES: Harina de trigo, azúcar, aceites vegetales. Contiene: GLUTEN, CACAHUETE, SOJA. Conservar en lugar fresco.",PASS,Etiqueta conforme. Alérgenos declarados y resaltados.
OCR-9004,2026-09-01 10:46:00,BAT-5002,PROD_04,"GLUTEN,LECHE,SOJA,AVELLANA","GLUTEN,LECHE,SOJA,AVELLANA","INGREDIENTES: Harina de trigo, azúcar, aceites vegetales. Contiene: GLUTEN, LECHE, SOJA, AVELLANA. Conservar en lugar fresco.",PASS,Etiqueta conforme. Alérgenos declarados y resaltados.
OCR-9005,2026-09-01 09:36:00,BAT-5002,PROD_04,"GLUTEN,LECHE,SOJA,AVELLANA","GLUTEN,LECHE,SOJA,AVELLANA","INGREDIENTES: Harina de trigo, azúcar, aceites vegetales. Contiene: GLUTEN, LECHE, SOJA, AVELLANA. Conservar en lugar fresco.",PASS,Etiqueta conforme. Alérgenos declarados y resaltados.
OCR-9006,2026-09-01 10:15:00,BAT-5002,PROD_04,"GLUTEN,LECHE,SOJA,AVELLANA","GLUTEN,LECHE,SOJA,AVELLANA","INGREDIENTES: Harina de trigo, azúcar, aceites vegetales. Contiene: GLUTEN, LECHE, SOJA, AVELLANA. Conservar en lugar fresco.",PASS,Etiqueta conforme. Alérgenos declarados y resaltados.
OCR-9007,2026-09-01 11:02:00,BAT-5002,PROD_04,"GLUTEN,LECHE,SOJA,AVELLANA","GLUTEN,LECHE,SOJA,AVELLANA","INGREDIENTES: Harina de trigo, azúcar, aceites vegetales. Contiene: GLUTEN, LECHE, SOJA, AVELLANA. Conservar en lugar fresco.",PASS,Etiqueta conforme. Alérgenos declarados y resaltados.
OCR-9008,2026-09-01 10:30:00,BAT-5002,PROD_04,"GLUTEN,LECHE,SOJA,AVELLANA","GLUTEN,LECHE,SOJA","INGREDIENTES: Harina de trigo, azúcar, aceites vegetales. Contiene: GLUTEN, LECHE, SOJA. Conservar en lugar fresco.",FAIL_MISSING_ALLERGEN,ALERTA: Faltan alérgenos obligatorios en el texto impreso.
OCR-9009,2026-09-01 14:18:00,BAT-5003,PROD_01,GLUTEN,GLUTEN,"INGREDIENTES: Harina de trigo, azúcar, aceites vegetales. Contiene: GLUTEN. Conservar en lugar fresco.",PASS,Etiqueta conforme. Alérgenos declarados y resaltados.
OCR-9010,2026-09-01 15:26:00,BAT-5003,PROD_01,GLUTEN,GLUTEN,"INGREDIENTES: Harina de trigo, azúcar, aceites vegetales. Contiene: GLUTEN. Conservar en lugar fresco.",PASS,Etiqueta conforme. Alérgenos declarados y resaltados.
OCR-9011,2026-09-01 16:29:00,BAT-5003,PROD_01,GLUTEN,GLUTEN,"INGREDIENTES: Harina de trigo, azúcar, aceites vegetales. Contiene: GLUTEN. Conservar en lugar fresco.",PASS,Etiqueta conforme. Alérgenos declarados y resaltados.
OCR-9012,2026-09-01 07:14:00,BAT-5004,PROD_01,GLUTEN,GLUTEN,"INGREDIENTES: Harina de trigo, azúcar, aceites vegetales. Contiene: GLUTEN. Conservar en lugar fresco.",PASS,Etiqueta conforme. Alérgenos declarados y resaltados.
OCR-9013,2026-09-01 07:52:00,BAT-5004,PROD_01,GLUTEN,GLUTEN,"INGREDIENTES: Harina de trigo, azúcar, aceites vegetales. Contiene: GLUTEN. Conservar en lugar fresco.",PASS,Etiqueta conforme. Alérgenos declarados y resaltados.
OCR-9014,2026-09-01 08:57:00,BAT-5004,PROD_01,GLUTEN,GLUTEN,"INGREDIENTES: Harina de trigo, azúcar, aceites vegetales. Contiene: GLUTEN. Conservar en lugar fresco.",PASS,Etiqueta conforme. Alérgenos declarados y resaltados.
OCR-9015,2026-09-01 12:05:00,BAT-5005,PROD_02,"GLUTEN,SÉSAMO","GLUTEN,SÉSAMO","INGREDIENTES: Harina de trigo, azúcar, aceites vegetales. Contiene: GLUTEN, SÉSAMO. Conservar en lugar fresco.",PASS,Etiqueta conforme. Alérgenos declarados y resaltados.
OCR-9016,2026-09-01 11:43:00,BAT-5005,PROD_02,"GLUTEN,SÉSAMO","GLUTEN,SÉSAMO","INGREDIENTES: Harina de trigo, azúcar, aceites vegetales. Contiene: GLUTEN, SÉSAMO. Conservar en lugar fresco.",PASS,Etiqueta conforme. Alérgenos declarados y resaltados.
OCR-9017,2026-09-01 10:53:00,BAT-5005,PROD_02,"GLUTEN,SÉSAMO","GLUTEN,SÉSAMO","INGREDIENTES: Harina de trigo, azúcar, aceites vegetales. Contiene: GLUTEN, SÉSAMO. Conservar en lugar fresco.",PASS,Etiqueta conforme. Alérgenos declarados y resaltados.
OCR-9018,2026-09-01 11:18:00,BAT-5005,PROD_02,"GLUTEN,SÉSAMO","GLUTEN,SÉSAMO","INGREDIENTES: Harina de trigo, azúcar, aceites vegetales. Contiene: GLUTEN, SÉSAMO. Conservar en lugar fresco.",PASS,Etiqueta conforme. Alérgenos declarados y resaltados.
OCR-9019,2026-09-01 15:53:00,BAT-5006,PROD_05,"GLUTEN,CACAHUETE,SOJA","GLUTEN,CACAHUETE,SOJA","INGREDIENTES: Harina de trigo, azúcar, aceites vegetales. Contiene: GLUTEN, CACAHUETE, SOJA. Conservar en lugar fresco.",PASS,Etiqueta conforme. Alérgenos declarados y resaltados.
OCR-9020,2026-09-01 16:17:00,BAT-5006,PROD_05,"GLUTEN,CACAHUETE,SOJA","GLUTEN,CACAHUETE,SOJA","INGREDIENTES: Harina de trigo, azúcar, aceites vegetales. Contiene: GLUTEN, CACAHUETE, SOJA. Conservar en lugar fresco.",PASS,Etiqueta conforme. Alérgenos declarados y resaltados.
OCR-9021,2026-09-01 15:18:00,BAT-5006,PROD_05,"GLUTEN,CACAHUETE,SOJA","GLUTEN,CACAHUETE,SOJA","INGREDIENTES: Harina de trigo, azúcar, aceites vegetales. Contiene: GLUTEN, CACAHUETE, SOJA. Conservar en lugar fresco.",PASS,Etiqueta conforme. Alérgenos declarados y resaltados.
OCR-9022,2026-09-01 17:23:00,BAT-5007,PROD_04,"GLUTEN,LECHE,SOJA,AVELLANA","GLUTEN,LECHE,SOJA,AVELLANA","INGREDIENTES: Harina de trigo, azúcar, aceites vegetales. Contiene: GLUTEN, LECHE, SOJA, AVELLANA. Conservar en lugar fresco.",PASS,Etiqueta conforme. Alérgenos declarados y resaltados.
OCR-9023,2026-09-01 18:57:00,BAT-5007,PROD_04,"GLUTEN,LECHE,SOJA,AVELLANA","GLUTEN,LECHE,SOJA,AVELLANA","INGREDIENTES: Harina de trigo, azúcar, aceites vegetales. Contiene: GLUTEN, LECHE, SOJA, AVELLANA. Conservar en lugar fresco.",PASS,Etiqueta conforme. Alérgenos declarados y resaltados.
OCR-9024,2026-09-01 18:09:00,BAT-5007,PROD_04,"GLUTEN,LECHE,SOJA,AVELLANA","GLUTEN,LECHE,SOJA,AVELLANA","INGREDIENTES: Harina de trigo, azúcar, aceites vegetales. Contiene: GLUTEN, LECHE, SOJA, AVELLANA. Conservar en lugar fresco.",PASS,Etiqueta conforme. Alérgenos declarados y resaltados.
OCR-9025,2026-09-01 07:57:00,BAT-5008,PROD_02,"GLUTEN,SÉSAMO","GLUTEN,SÉSAMO","INGREDIENTES: Harina de trigo, azúcar, aceites vegetales. Contiene: GLUTEN, SÉSAMO. Conservar en lugar fresco.",PASS,Etiqueta conforme. Alérgenos declarados y resaltados.
OCR-9026,2026-09-01 06:50:00,BAT-5008,PROD_02,"GLUTEN,SÉSAMO","GLUTEN,SÉSAMO","INGREDIENTES: Harina de trigo, azúcar, aceites vegetales. Contiene: GLUTEN, SÉSAMO. Conservar en lugar fresco.",PASS,Etiqueta conforme. Alérgenos declarados y resaltados.
OCR-9027,2026-09-01 06:38:00,BAT-5008,PROD_02,"GLUTEN,SÉSAMO","GLUTEN,SÉSAMO","INGREDIENTES: Harina de trigo, azúcar, aceites vegetales. Contiene: GLUTEN, SÉSAMO. Conservar en lugar fresco.",PASS,Etiqueta conforme. Alérgenos declarados y resaltados.
OCR-9028,2026-09-01 06:43:00,BAT-5008,PROD_02,"GLUTEN,SÉSAMO","GLUTEN,SÉSAMO","INGREDIENTES: Harina de trigo, azúcar, aceites vegetales. Contiene: GLUTEN, SÉSAMO. Conservar en lugar fresco.",PASS,Etiqueta conforme. Alérgenos declarados y resaltados.
OCR-9029,2026-09-01 06:55:00,BAT-5008,PROD_02,"GLUTEN,SÉSAMO","GLUTEN,SÉSAMO","INGREDIENTES: Harina de trigo, azúcar, aceites vegetales. Contiene: GLUTEN, SÉSAMO. Conservar en lugar fresco.",PASS,Etiqueta conforme. Alérgenos declarados y resaltados.
OCR-9030,2026-09-01 10:51:00,BAT-5009,PROD_05,"GLUTEN,CACAHUETE,SOJA","GLUTEN,CACAHUETE,SOJA","INGREDIENTES: Harina de trigo, azúcar, aceites vegetales. Contiene: GLUTEN, CACAHUETE, SOJA. Conservar en lugar fresco.",PASS,Etiqueta conforme. Alérgenos declarados y resaltados.
OCR-9031,2026-09-01 13:07:00,BAT-5009,PROD_05,"GLUTEN,CACAHUETE,SOJA",,"INGREDIENTES: Harina de trigo, azúcar, aceites vegetales. Contiene: . Conservar en lugar fresco.",FAIL_OCR_UNREADABLE,Error de lectura OCR: Código de barras o texto borroso.
OCR-9032,2026-09-01 12:50:00,BAT-5009,PROD_05,"GLUTEN,CACAHUETE,SOJA","GLUTEN,CACAHUETE,SOJA","INGREDIENTES: Harina de trigo, azúcar, aceites vegetales. Contiene: GLUTEN, CACAHUETE, SOJA. Conservar en lugar fresco.",PASS,Etiqueta conforme. Alérgenos declarados y resaltados.
OCR-9033,2026-09-01 12:56:00,BAT-5009,PROD_05,"GLUTEN,CACAHUETE,SOJA","GLUTEN,CACAHUETE,SOJA","INGREDIENTES: Harina de trigo, azúcar, aceites vegetales. Contiene: GLUTEN, CACAHUETE, SOJA. Conservar en lugar fresco.",PASS,Etiqueta conforme. Alérgenos declarados y resaltados.
OCR-9034,2026-09-01 10:37:00,BAT-5009,PROD_05,"GLUTEN,CACAHUETE,SOJA","GLUTEN,CACAHUETE,SOJA","INGREDIENTES: Harina de trigo, azúcar, aceites vegetales. Contiene: GLUTEN, CACAHUETE, SOJA. Conservar en lugar fresco.",PASS,Etiqueta conforme. Alérgenos declarados y resaltados.
OCR-9035,2026-09-01 17:12:00,BAT-5010,PROD_03,"GLUTEN,LECHE,SOJA","GLUTEN,LECHE,SOJA","INGREDIENTES: Harina de trigo, azúcar, aceites vegetales. Contiene: GLUTEN, LECHE, SOJA. Conservar en lugar fresco.",PASS,Etiqueta conforme. Alérgenos declarados y resaltados.
OCR-9036,2026-09-01 16:22:00,BAT-5010,PROD_03,"GLUTEN,LECHE,SOJA","GLUTEN,LECHE,SOJA","INGREDIENTES: Harina de trigo, azúcar, aceites vegetales. Contiene: GLUTEN, LECHE, SOJA. Conservar en lugar fresco.",PASS,Etiqueta conforme. Alérgenos declarados y resaltados.
OCR-9037,2026-09-01 16:46:00,BAT-5010,PROD_03,"GLUTEN,LECHE,SOJA","GLUTEN,LECHE,SOJA","INGREDIENTES: Harina de trigo, azúcar, aceites vegetales. Contiene: GLUTEN, LECHE, SOJA. Conservar en lugar fresco.",PASS,Etiqueta conforme. Alérgenos declarados y resaltados.
OCR-9038,2026-09-01 14:55:00,BAT-5010,PROD_03,"GLUTEN,LECHE,SOJA","GLUTEN,LECHE","INGREDIENTES: Harina de trigo, azúcar, aceites vegetales. Contiene: GLUTEN, LECHE. Conservar en lugar fresco.",FAIL_MISSING_ALLERGEN,ALERTA: Faltan alérgenos obligatorios en el texto impreso.
OCR-9039,2026-09-01 16:02:00,BAT-5010,PROD_03,"GLUTEN,LECHE,SOJA",,"INGREDIENTES: Harina de trigo, azúcar, aceites vegetales. Contiene: . Conservar en lugar fresco.",FAIL_OCR_UNREADABLE,Error de lectura OCR: Código de barras o texto borroso.
OCR-9040,2026-09-01 06:43:00,BAT-5011,PROD_01,GLUTEN,,"INGREDIENTES: Harina de trigo, azúcar, aceites vegetales. Contiene: . Conservar en lugar fresco.",FAIL_MISSING_ALLERGEN,ALERTA: Faltan alérgenos obligatorios en el texto impreso.
OCR-9041,2026-09-01 09:41:00,BAT-5011,PROD_01,GLUTEN,GLUTEN,"INGREDIENTES: Harina de trigo, azúcar, aceites vegetales. Contiene: GLUTEN. Conservar en lugar fresco.",PASS,Etiqueta conforme. Alérgenos declarados y resaltados.
OCR-9042,2026-09-01 06:29:00,BAT-5011,PROD_01,GLUTEN,GLUTEN,"INGREDIENTES: Harina de trigo, azúcar, aceites vegetales. Contiene: GLUTEN. Conservar en lugar fresco.",PASS,Etiqueta conforme. Alérgenos declarados y resaltados.
OCR-9043,2026-09-01 11:18:00,BAT-5012,PROD_05,"GLUTEN,CACAHUETE,SOJA","GLUTEN,CACAHUETE,SOJA","INGREDIENTES: Harina de trigo, azúcar, aceites vegetales. Contiene: GLUTEN, CACAHUETE, SOJA. Conservar en lugar fresco.",PASS,Etiqueta conforme. Alérgenos declarados y resaltados.
OCR-9044,2026-09-01 11:10:00,BAT-5012,PROD_05,"GLUTEN,CACAHUETE,SOJA",,"INGREDIENTES: Harina de trigo, azúcar, aceites vegetales. Contiene: . Conservar en lugar fresco.",FAIL_OCR_UNREADABLE,Error de lectura OCR: Código de barras o texto borroso.
OCR-9045,2026-09-01 11:39:00,BAT-5012,PROD_05,"GLUTEN,CACAHUETE,SOJA","GLUTEN,CACAHUETE,SOJA","INGREDIENTES: Harina de trigo, azúcar, aceites vegetales. Contiene: GLUTEN, CACAHUETE, SOJA. Conservar en lugar fresco.",PASS,Etiqueta conforme. Alérgenos declarados y resaltados.
OCR-9046,2026-09-01 16:37:00,BAT-5013,PROD_06,"GLUTEN,LECHE,HUEVO","GLUTEN,LECHE,HUEVO","INGREDIENTES: Harina de trigo, azúcar, aceites vegetales. Contiene: GLUTEN, LECHE, HUEVO. Conservar en lugar fresco.",PASS,Etiqueta conforme. Alérgenos declarados y resaltados.
OCR-9047,2026-09-01 18:30:00,BAT-5013,PROD_06,"GLUTEN,LECHE,HUEVO","GLUTEN,LECHE,HUEVO","INGREDIENTES: Harina de trigo, azúcar, aceites vegetales. Contiene: GLUTEN, LECHE, HUEVO. Conservar en lugar fresco.",PASS,Etiqueta conforme. Alérgenos declarados y resaltados.
OCR-9048,2026-09-01 16:49:00,BAT-5013,PROD_06,"GLUTEN,LECHE,HUEVO","GLUTEN,LECHE","INGREDIENTES: Harina de trigo, azúcar, aceites vegetales. Contiene: GLUTEN, LECHE. Conservar en lugar fresco.",FAIL_MISSING_ALLERGEN,ALERTA: Faltan alérgenos obligatorios en el texto impreso.
OCR-9049,2026-09-01 19:08:00,BAT-5013,PROD_06,"GLUTEN,LECHE,HUEVO","GLUTEN,LECHE,HUEVO","INGREDIENTES: Harina de trigo, azúcar, aceites vegetales. Contiene: GLUTEN, LECHE, HUEVO. Conservar en lugar fresco.",PASS,Etiqueta conforme. Alérgenos declarados y resaltados.
OCR-9050,2026-09-01 16:46:00,BAT-5013,PROD_06,"GLUTEN,LECHE,HUEVO","GLUTEN,LECHE,HUEVO","INGREDIENTES: Harina de trigo, azúcar, aceites vegetales. Contiene: GLUTEN, LECHE, HUEVO. Conservar en lugar fresco.",PASS,Etiqueta conforme. Alérgenos declarados y resaltados.
OCR-9051,2026-09-02 06:30:00,BAT-5014,PROD_01,GLUTEN,GLUTEN,"INGREDIENTES: Harina de trigo, azúcar, aceites vegetales. Contiene: GLUTEN. Conservar en lugar fresco.",PASS,Etiqueta conforme. Alérgenos declarados y resaltados.
OCR-9052,2026-09-02 06:23:00,BAT-5014,PROD_01,GLUTEN,GLUTEN,"INGREDIENTES: Harina de trigo, azúcar, aceites vegetales. Contiene: GLUTEN. Conservar en lugar fresco.",PASS,Etiqueta conforme. Alérgenos declarados y resaltados.
OCR-9053,2026-09-02 06:33:00,BAT-5014,PROD_01,GLUTEN,GLUTEN,"INGREDIENTES: Harina de trigo, azúcar, aceites vegetales. Contiene: GLUTEN. Conservar en lugar fresco.",PASS,Etiqueta conforme. Alérgenos declarados y resaltados.
OCR-9054,2026-09-02 11:39:00,BAT-5015,PROD_02,"GLUTEN,SÉSAMO","GLUTEN,SÉSAMO","INGREDIENTES: Harina de trigo, azúcar, aceites vegetales. Contiene: GLUTEN, SÉSAMO. Conservar en lugar fresco.",PASS,Etiqueta conforme. Alérgenos declarados y resaltados.
OCR-9055,2026-09-02 10:08:00,BAT-5015,PROD_02,"GLUTEN,SÉSAMO","GLUTEN,SÉSAMO","INGREDIENTES: Harina de trigo, azúcar, aceites vegetales. Contiene: GLUTEN, SÉSAMO. Conservar en lugar fresco.",PASS,Etiqueta conforme. Alérgenos declarados y resaltados.
OCR-9056,2026-09-02 12:01:00,BAT-5015,PROD_02,"GLUTEN,SÉSAMO","GLUTEN,SÉSAMO","INGREDIENTES: Harina de trigo, azúcar, aceites vegetales. Contiene: GLUTEN, SÉSAMO. Conservar en lugar fresco.",PASS,Etiqueta conforme. Alérgenos declarados y resaltados.
OCR-9057,2026-09-02 10:37:00,BAT-5015,PROD_02,"GLUTEN,SÉSAMO","GLUTEN,SÉSAMO","INGREDIENTES: Harina de trigo, azúcar, aceites vegetales. Contiene: GLUTEN, SÉSAMO. Conservar en lugar fresco.",PASS,Etiqueta conforme. Alérgenos declarados y resaltados.
OCR-9058,2026-09-02 13:01:00,BAT-5015,PROD_02,"GLUTEN,SÉSAMO","GLUTEN,SÉSAMO","INGREDIENTES: Harina de trigo, azúcar, aceites vegetales. Contiene: GLUTEN, SÉSAMO. Conservar en lugar fresco.",PASS,Etiqueta conforme. Alérgenos declarados y resaltados.
OCR-9059,2026-09-02 15:45:00,BAT-5016,PROD_03,"GLUTEN,LECHE,SOJA","GLUTEN,LECHE,SOJA","INGREDIENTES: Harina de trigo, azúcar, aceites vegetales. Contiene: GLUTEN, LECHE, SOJA. Conservar en lugar fresco.",PASS,Etiqueta conforme. Alérgenos declarados y resaltados.
OCR-9060,2026-09-02 15:40:00,BAT-5016,PROD_03,"GLUTEN,LECHE,SOJA","GLUTEN,LECHE,SOJA","INGREDIENTES: Harina de trigo, azúcar, aceites vegetales. Contiene: GLUTEN, LECHE, SOJA. Conservar en lugar fresco.",PASS,Etiqueta conforme. Alérgenos declarados y resaltados.
OCR-9061,2026-09-02 14:08:00,BAT-5016,PROD_03,"GLUTEN,LECHE,SOJA","GLUTEN,LECHE,SOJA","INGREDIENTES: Harina de trigo, azúcar, aceites vegetales. Contiene: GLUTEN, LECHE, SOJA. Conservar en lugar fresco.",PASS,Etiqueta conforme. Alérgenos declarados y resaltados.
OCR-9062,2026-09-02 07:18:00,BAT-5017,PROD_02,"GLUTEN,SÉSAMO","GLUTEN,SÉSAMO","INGREDIENTES: Harina de trigo, azúcar, aceites vegetales. Contiene: GLUTEN, SÉSAMO. Conservar en lugar fresco.",PASS,Etiqueta conforme. Alérgenos declarados y resaltados.
OCR-9063,2026-09-02 06:34:00,BAT-5017,PROD_02,"GLUTEN,SÉSAMO","GLUTEN,SÉSAMO","INGREDIENTES: Harina de trigo, azúcar, aceites vegetales. Contiene: GLUTEN, SÉSAMO. Conservar en lugar fresco.",PASS,Etiqueta conforme. Alérgenos declarados y resaltados.
OCR-9064,2026-09-02 08:35:00,BAT-5017,PROD_02,"GLUTEN,SÉSAMO","GLUTEN,SÉSAMO","INGREDIENTES: Harina de trigo, azúcar, aceites vegetales. Contiene: GLUTEN, SÉSAMO. Conservar en lugar fresco.",PASS,Etiqueta conforme. Alérgenos declarados y resaltados.
OCR-9065,2026-09-02 09:01:00,BAT-5017,PROD_02,"GLUTEN,SÉSAMO",,"INGREDIENTES: Harina de trigo, azúcar, aceites vegetales. Contiene: . Conservar en lugar fresco.",FAIL_OCR_UNREADABLE,Error de lectura OCR: Código de barras o texto borroso.
OCR-9066,2026-09-02 11:35:00,BAT-5018,PROD_05,"GLUTEN,CACAHUETE,SOJA","GLUTEN,CACAHUETE,SOJA","INGREDIENTES: Harina de trigo, azúcar, aceites vegetales. Contiene: GLUTEN, CACAHUETE, SOJA. Conservar en lugar fresco.",PASS,Etiqueta conforme. Alérgenos declarados y resaltados.
OCR-9067,2026-09-02 12:39:00,BAT-5018,PROD_05,"GLUTEN,CACAHUETE,SOJA","GLUTEN,CACAHUETE,SOJA","INGREDIENTES: Harina de trigo, azúcar, aceites vegetales. Contiene: GLUTEN, CACAHUETE, SOJA. Conservar en lugar fresco.",PASS,Etiqueta conforme. Alérgenos declarados y resaltados.
OCR-9068,2026-09-02 12:17:00,BAT-5018,PROD_05,"GLUTEN,CACAHUETE,SOJA","GLUTEN,CACAHUETE,SOJA","INGREDIENTES: Harina de trigo, azúcar, aceites vegetales. Contiene: GLUTEN, CACAHUETE, SOJA. Conservar en lugar fresco.",PASS,Etiqueta conforme. Alérgenos declarados y resaltados.
OCR-9069,2026-09-02 13:55:00,BAT-5019,PROD_04,"GLUTEN,LECHE,SOJA,AVELLANA",,"INGREDIENTES: Harina de trigo, azúcar, aceites vegetales. Contiene: . Conservar en lugar fresco.",FAIL_OCR_UNREADABLE,Error de lectura OCR: Código de barras o texto borroso.
OCR-9070,2026-09-02 15:02:00,BAT-5019,PROD_04,"GLUTEN,LECHE,SOJA,AVELLANA","GLUTEN,LECHE,SOJA","INGREDIENTES: Harina de trigo, azúcar, aceites vegetales. Contiene: GLUTEN, LECHE, SOJA. Conservar en lugar fresco.",FAIL_MISSING_ALLERGEN,ALERTA: Faltan alérgenos obligatorios en el texto impreso.
OCR-9071,2026-09-02 15:51:00,BAT-5019,PROD_04,"GLUTEN,LECHE,SOJA,AVELLANA","GLUTEN,LECHE,SOJA,AVELLANA","INGREDIENTES: Harina de trigo, azúcar, aceites vegetales. Contiene: GLUTEN, LECHE, SOJA, AVELLANA. Conservar en lugar fresco.",PASS,Etiqueta conforme. Alérgenos declarados y resaltados.
OCR-9072,2026-09-02 16:17:00,BAT-5019,PROD_04,"GLUTEN,LECHE,SOJA,AVELLANA","GLUTEN,LECHE,SOJA,AVELLANA","INGREDIENTES: Harina de trigo, azúcar, aceites vegetales. Contiene: GLUTEN, LECHE, SOJA, AVELLANA. Conservar en lugar fresco.",PASS,Etiqueta conforme. Alérgenos declarados y resaltados.
OCR-9073,2026-09-02 06:44:00,BAT-5020,PROD_01,GLUTEN,,"INGREDIENTES: Harina de trigo, azúcar, aceites vegetales. Contiene: . Conservar en lugar fresco.",FAIL_MISSING_ALLERGEN,ALERTA: Faltan alérgenos obligatorios en el texto impreso.
OCR-9074,2026-09-02 06:56:00,BAT-5020,PROD_01,GLUTEN,GLUTEN,"INGREDIENTES: Harina de trigo, azúcar, aceites vegetales. Contiene: GLUTEN. Conservar en lugar fresco.",PASS,Etiqueta conforme. Alérgenos declarados y resaltados.
OCR-9075,2026-09-02 06:50:00,BAT-5020,PROD_01,GLUTEN,GLUTEN,"INGREDIENTES: Harina de trigo, azúcar, aceites vegetales. Contiene: GLUTEN. Conservar en lugar fresco.",PASS,Etiqueta conforme. Alérgenos declarados y resaltados.
OCR-9076,2026-09-02 15:01:00,BAT-5021,PROD_05,"GLUTEN,CACAHUETE,SOJA","GLUTEN,CACAHUETE,SOJA","INGREDIENTES: Harina de trigo, azúcar, aceites vegetales. Contiene: GLUTEN, CACAHUETE, SOJA. Conservar en lugar fresco.",PASS,Etiqueta conforme. Alérgenos declarados y resaltados.
OCR-9077,2026-09-02 13:41:00,BAT-5021,PROD_05,"GLUTEN,CACAHUETE,SOJA","GLUTEN,CACAHUETE,SOJA","INGREDIENTES: Harina de trigo, azúcar, aceites vegetales. Contiene: GLUTEN, CACAHUETE, SOJA. Conservar en lugar fresco.",PASS,Etiqueta conforme. Alérgenos declarados y resaltados.
OCR-9078,2026-09-02 11:55:00,BAT-5021,PROD_05,"GLUTEN,CACAHUETE,SOJA","GLUTEN,CACAHUETE,SOJA","INGREDIENTES: Harina de trigo, azúcar, aceites vegetales. Contiene: GLUTEN, CACAHUETE, SOJA. Conservar en lugar fresco.",PASS,Etiqueta conforme. Alérgenos declarados y resaltados.
OCR-9079,2026-09-02 19:24:00,BAT-5022,PROD_04,"GLUTEN,LECHE,SOJA,AVELLANA","GLUTEN,LECHE,SOJA,AVELLANA","INGREDIENTES: Harina de trigo, azúcar, aceites vegetales. Contiene: GLUTEN, LECHE, SOJA, AVELLANA. Conservar en lugar fresco.",PASS,Etiqueta conforme. Alérgenos declarados y resaltados.
OCR-9080,2026-09-02 18:15:00,BAT-5022,PROD_04,"GLUTEN,LECHE,SOJA,AVELLANA","GLUTEN,LECHE,SOJA","INGREDIENTES: Harina de trigo, azúcar, aceites vegetales. Contiene: GLUTEN, LECHE, SOJA. Conservar en lugar fresco.",FAIL_MISSING_ALLERGEN,ALERTA: Faltan alérgenos obligatorios en el texto impreso.
OCR-9081,2026-09-02 17:47:00,BAT-5022,PROD_04,"GLUTEN,LECHE,SOJA,AVELLANA","GLUTEN,LECHE,SOJA,AVELLANA","INGREDIENTES: Harina de trigo, azúcar, aceites vegetales. Contiene: GLUTEN, LECHE, SOJA, AVELLANA. Conservar en lugar fresco.",PASS,Etiqueta conforme. Alérgenos declarados y resaltados.
OCR-9082,2026-09-02 18:15:00,BAT-5022,PROD_04,"GLUTEN,LECHE,SOJA,AVELLANA","GLUTEN,LECHE,SOJA,AVELLANA","INGREDIENTES: Harina de trigo, azúcar, aceites vegetales. Contiene: GLUTEN, LECHE, SOJA, AVELLANA. Conservar en lugar fresco.",PASS,Etiqueta conforme. Alérgenos declarados y resaltados.
OCR-9083,2026-09-02 18:36:00,BAT-5022,PROD_04,"GLUTEN,LECHE,SOJA,AVELLANA","GLUTEN,LECHE,SOJA,AVELLANA","INGREDIENTES: Harina de trigo, azúcar, aceites vegetales. Contiene: GLUTEN, LECHE, SOJA, AVELLANA. Conservar en lugar fresco.",PASS,Etiqueta conforme. Alérgenos declarados y resaltados.
OCR-9084,2026-09-02 07:17:00,BAT-5023,PROD_02,"GLUTEN,SÉSAMO","GLUTEN,SÉSAMO","INGREDIENTES: Harina de trigo, azúcar, aceites vegetales. Contiene: GLUTEN, SÉSAMO. Conservar en lugar fresco.",PASS,Etiqueta conforme. Alérgenos declarados y resaltados.
OCR-9085,2026-09-02 06:55:00,BAT-5023,PROD_02,"GLUTEN,SÉSAMO","GLUTEN,SÉSAMO","INGREDIENTES: Harina de trigo, azúcar, aceites vegetales. Contiene: GLUTEN, SÉSAMO. Conservar en lugar fresco.",PASS,Etiqueta conforme. Alérgenos declarados y resaltados.
OCR-9086,2026-09-02 08:34:00,BAT-5023,PROD_02,"GLUTEN,SÉSAMO","GLUTEN,SÉSAMO","INGREDIENTES: Harina de trigo, azúcar, aceites vegetales. Contiene: GLUTEN, SÉSAMO. Conservar en lugar fresco.",PASS,Etiqueta conforme. Alérgenos declarados y resaltados.
OCR-9087,2026-09-02 15:05:00,BAT-5024,PROD_05,"GLUTEN,CACAHUETE,SOJA","GLUTEN,CACAHUETE,SOJA","INGREDIENTES: Harina de trigo, azúcar, aceites vegetales. Contiene: GLUTEN, CACAHUETE, SOJA. Conservar en lugar fresco.",PASS,Etiqueta conforme. Alérgenos declarados y resaltados.
OCR-9088,2026-09-02 13:08:00,BAT-5024,PROD_05,"GLUTEN,CACAHUETE,SOJA","GLUTEN,CACAHUETE","INGREDIENTES: Harina de trigo, azúcar, aceites vegetales. Contiene: GLUTEN, CACAHUETE. Conservar en lugar fresco.",FAIL_MISSING_ALLERGEN,ALERTA: Faltan alérgenos obligatorios en el texto impreso.
OCR-9089,2026-09-02 11:28:00,BAT-5024,PROD_05,"GLUTEN,CACAHUETE,SOJA","GLUTEN,CACAHUETE","INGREDIENTES: Harina de trigo, azúcar, aceites vegetales. Contiene: GLUTEN, CACAHUETE. Conservar en lugar fresco.",FAIL_MISSING_ALLERGEN,ALERTA: Faltan alérgenos obligatorios en el texto impreso.
OCR-9090,2026-09-02 11:43:00,BAT-5024,PROD_05,"GLUTEN,CACAHUETE,SOJA","GLUTEN,CACAHUETE,SOJA","INGREDIENTES: Harina de trigo, azúcar, aceites vegetales. Contiene: GLUTEN, CACAHUETE, SOJA. Conservar en lugar fresco.",PASS,Etiqueta conforme. Alérgenos declarados y resaltados.
OCR-9091,2026-09-02 11:29:00,BAT-5024,PROD_05,"GLUTEN,CACAHUETE,SOJA","GLUTEN,CACAHUETE,SOJA","INGREDIENTES: Harina de trigo, azúcar, aceites vegetales. Contiene: GLUTEN, CACAHUETE, SOJA. Conservar en lugar fresco.",PASS,Etiqueta conforme. Alérgenos declarados y resaltados.
OCR-9092,2026-09-02 17:07:00,BAT-5025,PROD_03,"GLUTEN,LECHE,SOJA","GLUTEN,LECHE,SOJA","INGREDIENTES: Harina de trigo, azúcar, aceites vegetales. Contiene: GLUTEN, LECHE, SOJA. Conservar en lugar fresco.",PASS,Etiqueta conforme. Alérgenos declarados y resaltados.
OCR-9093,2026-09-02 17:22:00,BAT-5025,PROD_03,"GLUTEN,LECHE,SOJA","GLUTEN,LECHE,SOJA","INGREDIENTES: Harina de trigo, azúcar, aceites vegetales. Contiene: GLUTEN, LECHE, SOJA. Conservar en lugar fresco.",PASS,Etiqueta conforme. Alérgenos declarados y resaltados.
OCR-9094,2026-09-02 17:02:00,BAT-5025,PROD_03,"GLUTEN,LECHE,SOJA","GLUTEN,LECHE,SOJA","INGREDIENTES: Harina de trigo, azúcar, aceites vegetales. Contiene: GLUTEN, LECHE, SOJA. Conservar en lugar fresco.",PASS,Etiqueta conforme. Alérgenos declarados y resaltados.
OCR-9095,2026-09-02 16:59:00,BAT-5025,PROD_03,"GLUTEN,LECHE,SOJA","GLUTEN,LECHE,SOJA","INGREDIENTES: Harina de trigo, azúcar, aceites vegetales. Contiene: GLUTEN, LECHE, SOJA. Conservar en lugar fresco.",PASS,Etiqueta conforme. Alérgenos declarados y resaltados.
OCR-9096,2026-09-03 09:53:00,BAT-5026,PROD_02,"GLUTEN,SÉSAMO","GLUTEN,SÉSAMO","INGREDIENTES: Harina de trigo, azúcar, aceites vegetales. Contiene: GLUTEN, SÉSAMO. Conservar en lugar fresco.",PASS,Etiqueta conforme. Alérgenos declarados y resaltados.
OCR-9097,2026-09-03 07:12:00,BAT-5026,PROD_02,"GLUTEN,SÉSAMO","GLUTEN,SÉSAMO","INGREDIENTES: Harina de trigo, azúcar, aceites vegetales. Contiene: GLUTEN, SÉSAMO. Conservar en lugar fresco.",PASS,Etiqueta conforme. Alérgenos declarados y resaltados.
OCR-9098,2026-09-03 07:31:00,BAT-5026,PROD_02,"GLUTEN,SÉSAMO","GLUTEN,SÉSAMO","INGREDIENTES: Harina de trigo, azúcar, aceites vegetales. Contiene: GLUTEN, SÉSAMO. Conservar en lugar fresco.",PASS,Etiqueta conforme. Alérgenos declarados y resaltados.
OCR-9099,2026-09-03 09:24:00,BAT-5026,PROD_02,"GLUTEN,SÉSAMO","GLUTEN,SÉSAMO","INGREDIENTES: Harina de trigo, azúcar, aceites vegetales. Contiene: GLUTEN, SÉSAMO. Conservar en lugar fresco.",PASS,Etiqueta conforme. Alérgenos declarados y resaltados.
OCR-9100,2026-09-03 07:30:00,BAT-5026,PROD_02,"GLUTEN,SÉSAMO","GLUTEN,SÉSAMO","INGREDIENTES: Harina de trigo, azúcar, aceites vegetales. Contiene: GLUTEN, SÉSAMO. Conservar en lugar fresco.",PASS,Etiqueta conforme. Alérgenos declarados y resaltados.
OCR-9101,2026-09-03 13:08:00,BAT-5027,PROD_06,"GLUTEN,LECHE,HUEVO","GLUTEN,LECHE,HUEVO","INGREDIENTES: Harina de trigo, azúcar, aceites vegetales. Contiene: GLUTEN, LECHE, HUEVO. Conservar en lugar fresco.",PASS,Etiqueta conforme. Alérgenos declarados y resaltados.
OCR-9102,2026-09-03 11:45:00,BAT-5027,PROD_06,"GLUTEN,LECHE,HUEVO","GLUTEN,LECHE,HUEVO","INGREDIENTES: Harina de trigo, azúcar, aceites vegetales. Contiene: GLUTEN, LECHE, HUEVO. Conservar en lugar fresco.",PASS,Etiqueta conforme. Alérgenos declarados y resaltados.
OCR-9103,2026-09-03 12:28:00,BAT-5027,PROD_06,"GLUTEN,LECHE,HUEVO","GLUTEN,LECHE,HUEVO","INGREDIENTES: Harina de trigo, azúcar, aceites vegetales. Contiene: GLUTEN, LECHE, HUEVO. Conservar en lugar fresco.",PASS,Etiqueta conforme. Alérgenos declarados y resaltados.
OCR-9104,2026-09-03 12:01:00,BAT-5027,PROD_06,"GLUTEN,LECHE,HUEVO","GLUTEN,LECHE,HUEVO","INGREDIENTES: Harina de trigo, azúcar, aceites vegetales. Contiene: GLUTEN, LECHE, HUEVO. Conservar en lugar fresco.",PASS,Etiqueta conforme. Alérgenos declarados y resaltados.
OCR-9105,2026-09-03 16:14:00,BAT-5028,PROD_03,"GLUTEN,LECHE,SOJA","GLUTEN,LECHE","INGREDIENTES: Harina de trigo, azúcar, aceites vegetales. Contiene: GLUTEN, LECHE. Conservar en lugar fresco.",FAIL_MISSING_ALLERGEN,ALERTA: Faltan alérgenos obligatorios en el texto impreso.
OCR-9106,2026-09-03 16:56:00,BAT-5028,PROD_03,"GLUTEN,LECHE,SOJA","GLUTEN,LECHE,SOJA","INGREDIENTES: Harina de trigo, azúcar, aceites vegetales. Contiene: GLUTEN, LECHE, SOJA. Conservar en lugar fresco.",PASS,Etiqueta conforme. Alérgenos declarados y resaltados.
OCR-9107,2026-09-03 16:25:00,BAT-5028,PROD_03,"GLUTEN,LECHE,SOJA","GLUTEN,LECHE,SOJA","INGREDIENTES: Harina de trigo, azúcar, aceites vegetales. Contiene: GLUTEN, LECHE, SOJA. Conservar en lugar fresco.",PASS,Etiqueta conforme. Alérgenos declarados y resaltados.
OCR-9108,2026-09-03 15:07:00,BAT-5028,PROD_03,"GLUTEN,LECHE,SOJA","GLUTEN,LECHE,SOJA","INGREDIENTES: Harina de trigo, azúcar, aceites vegetales. Contiene: GLUTEN, LECHE, SOJA. Conservar en lugar fresco.",PASS,Etiqueta conforme. Alérgenos declarados y resaltados.
OCR-9109,2026-09-03 07:33:00,BAT-5029,PROD_01,GLUTEN,GLUTEN,"INGREDIENTES: Harina de trigo, azúcar, aceites vegetales. Contiene: GLUTEN. Conservar en lugar fresco.",PASS,Etiqueta conforme. Alérgenos declarados y resaltados.
OCR-9110,2026-09-03 07:13:00,BAT-5029,PROD_01,GLUTEN,GLUTEN,"INGREDIENTES: Harina de trigo, azúcar, aceites vegetales. Contiene: GLUTEN. Conservar en lugar fresco.",PASS,Etiqueta conforme. Alérgenos declarados y resaltados.
OCR-9111,2026-09-03 09:03:00,BAT-5029,PROD_01,GLUTEN,GLUTEN,"INGREDIENTES: Harina de trigo, azúcar, aceites vegetales. Contiene: GLUTEN. Conservar en lugar fresco.",PASS,Etiqueta conforme. Alérgenos declarados y resaltados.
OCR-9112,2026-09-03 07:39:00,BAT-5029,PROD_01,GLUTEN,GLUTEN,"INGREDIENTES: Harina de trigo, azúcar, aceites vegetales. Contiene: GLUTEN. Conservar en lugar fresco.",PASS,Etiqueta conforme. Alérgenos declarados y resaltados.
OCR-9113,2026-09-03 12:04:00,BAT-5030,PROD_02,"GLUTEN,SÉSAMO","GLUTEN,SÉSAMO","INGREDIENTES: Harina de trigo, azúcar, aceites vegetales. Contiene: GLUTEN, SÉSAMO. Conservar en lugar fresco.",PASS,Etiqueta conforme. Alérgenos declarados y resaltados.
OCR-9114,2026-09-03 12:17:00,BAT-5030,PROD_02,"GLUTEN,SÉSAMO","GLUTEN,SÉSAMO","INGREDIENTES: Harina de trigo, azúcar, aceites vegetales. Contiene: GLUTEN, SÉSAMO. Conservar en lugar fresco.",PASS,Etiqueta conforme. Alérgenos declarados y resaltados.
OCR-9115,2026-09-03 12:52:00,BAT-5030,PROD_02,"GLUTEN,SÉSAMO","GLUTEN,SÉSAMO","INGREDIENTES: Harina de trigo, azúcar, aceites vegetales. Contiene: GLUTEN, SÉSAMO. Conservar en lugar fresco.",PASS,Etiqueta conforme. Alérgenos declarados y resaltados.
OCR-9116,2026-09-03 10:42:00,BAT-5030,PROD_02,"GLUTEN,SÉSAMO","GLUTEN,SÉSAMO","INGREDIENTES: Harina de trigo, azúcar, aceites vegetales. Contiene: GLUTEN, SÉSAMO. Conservar en lugar fresco.",PASS,Etiqueta conforme. Alérgenos declarados y resaltados.
OCR-9117,2026-09-03 16:23:00,BAT-5031,PROD_06,"GLUTEN,LECHE,HUEVO","GLUTEN,LECHE","INGREDIENTES: Harina de trigo, azúcar, aceites vegetales. Contiene: GLUTEN, LECHE. Conservar en lugar fresco.",FAIL_MISSING_ALLERGEN,ALERTA: Faltan alérgenos obligatorios en el texto impreso.
OCR-9118,2026-09-03 15:02:00,BAT-5031,PROD_06,"GLUTEN,LECHE,HUEVO","GLUTEN,LECHE,HUEVO","INGREDIENTES: Harina de trigo, azúcar, aceites vegetales. Contiene: GLUTEN, LECHE, HUEVO. Conservar en lugar fresco.",PASS,Etiqueta conforme. Alérgenos declarados y resaltados.
OCR-9119,2026-09-03 16:27:00,BAT-5031,PROD_06,"GLUTEN,LECHE,HUEVO","GLUTEN,LECHE,HUEVO","INGREDIENTES: Harina de trigo, azúcar, aceites vegetales. Contiene: GLUTEN, LECHE, HUEVO. Conservar en lugar fresco.",PASS,Etiqueta conforme. Alérgenos declarados y resaltados.
OCR-9120,2026-09-03 21:58:00,BAT-5032,PROD_04,"GLUTEN,LECHE,SOJA,AVELLANA","GLUTEN,LECHE,SOJA,AVELLANA","INGREDIENTES: Harina de trigo, azúcar, aceites vegetales. Contiene: GLUTEN, LECHE, SOJA, AVELLANA. Conservar en lugar fresco.",PASS,Etiqueta conforme. Alérgenos declarados y resaltados.
OCR-9121,2026-09-03 22:36:00,BAT-5032,PROD_04,"GLUTEN,LECHE,SOJA,AVELLANA","GLUTEN,LECHE,SOJA,AVELLANA","INGREDIENTES: Harina de trigo, azúcar, aceites vegetales. Contiene: GLUTEN, LECHE, SOJA, AVELLANA. Conservar en lugar fresco.",PASS,Etiqueta conforme. Alérgenos declarados y resaltados.
OCR-9122,2026-09-03 19:52:00,BAT-5032,PROD_04,"GLUTEN,LECHE,SOJA,AVELLANA","GLUTEN,LECHE,SOJA,AVELLANA","INGREDIENTES: Harina de trigo, azúcar, aceites vegetales. Contiene: GLUTEN, LECHE, SOJA, AVELLANA. Conservar en lugar fresco.",PASS,Etiqueta conforme. Alérgenos declarados y resaltados.
OCR-9123,2026-09-03 21:58:00,BAT-5032,PROD_04,"GLUTEN,LECHE,SOJA,AVELLANA","GLUTEN,LECHE,SOJA,AVELLANA","INGREDIENTES: Harina de trigo, azúcar, aceites vegetales. Contiene: GLUTEN, LECHE, SOJA, AVELLANA. Conservar en lugar fresco.",PASS,Etiqueta conforme. Alérgenos declarados y resaltados.
OCR-9124,2026-09-03 06:47:00,BAT-5033,PROD_02,"GLUTEN,SÉSAMO","GLUTEN,SÉSAMO","INGREDIENTES: Harina de trigo, azúcar, aceites vegetales. Contiene: GLUTEN, SÉSAMO. Conservar en lugar fresco.",PASS,Etiqueta conforme. Alérgenos declarados y resaltados.
OCR-9125,2026-09-03 09:05:00,BAT-5033,PROD_02,"GLUTEN,SÉSAMO",GLUTEN,"INGREDIENTES: Harina de trigo, azúcar, aceites vegetales. Contiene: GLUTEN. Conservar en lugar fresco.",FAIL_MISSING_ALLERGEN,ALERTA: Faltan alérgenos obligatorios en el texto impreso.
OCR-9126,2026-09-03 09:08:00,BAT-5033,PROD_02,"GLUTEN,SÉSAMO","GLUTEN,SÉSAMO","INGREDIENTES: Harina de trigo, azúcar, aceites vegetales. Contiene: GLUTEN, SÉSAMO. Conservar en lugar fresco.",PASS,Etiqueta conforme. Alérgenos declarados y resaltados.
OCR-9127,2026-09-03 06:59:00,BAT-5033,PROD_02,"GLUTEN,SÉSAMO","GLUTEN,SÉSAMO","INGREDIENTES: Harina de trigo, azúcar, aceites vegetales. Contiene: GLUTEN, SÉSAMO. Conservar en lugar fresco.",PASS,Etiqueta conforme. Alérgenos declarados y resaltados.
OCR-9128,2026-09-03 07:32:00,BAT-5033,PROD_02,"GLUTEN,SÉSAMO","GLUTEN,SÉSAMO","INGREDIENTES: Harina de trigo, azúcar, aceites vegetales. Contiene: GLUTEN, SÉSAMO. Conservar en lugar fresco.",PASS,Etiqueta conforme. Alérgenos declarados y resaltados.
OCR-9129,2026-09-03 11:48:00,BAT-5034,PROD_05,"GLUTEN,CACAHUETE,SOJA","GLUTEN,CACAHUETE,SOJA","INGREDIENTES: Harina de trigo, azúcar, aceites vegetales. Contiene: GLUTEN, CACAHUETE, SOJA. Conservar en lugar fresco.",PASS,Etiqueta conforme. Alérgenos declarados y resaltados.
OCR-9130,2026-09-03 13:03:00,BAT-5034,PROD_05,"GLUTEN,CACAHUETE,SOJA","GLUTEN,CACAHUETE,SOJA","INGREDIENTES: Harina de trigo, azúcar, aceites vegetales. Contiene: GLUTEN, CACAHUETE, SOJA. Conservar en lugar fresco.",PASS,Etiqueta conforme. Alérgenos declarados y resaltados.
OCR-9131,2026-09-03 11:57:00,BAT-5034,PROD_05,"GLUTEN,CACAHUETE,SOJA","GLUTEN,CACAHUETE,SOJA","INGREDIENTES: Harina de trigo, azúcar, aceites vegetales. Contiene: GLUTEN, CACAHUETE, SOJA. Conservar en lugar fresco.",PASS,Etiqueta conforme. Alérgenos declarados y resaltados.
OCR-9132,2026-09-03 12:28:00,BAT-5034,PROD_05,"GLUTEN,CACAHUETE,SOJA","GLUTEN,CACAHUETE,SOJA","INGREDIENTES: Harina de trigo, azúcar, aceites vegetales. Contiene: GLUTEN, CACAHUETE, SOJA. Conservar en lugar fresco.",PASS,Etiqueta conforme. Alérgenos declarados y resaltados.
OCR-9133,2026-09-03 15:21:00,BAT-5035,PROD_03,"GLUTEN,LECHE,SOJA","GLUTEN,LECHE,SOJA","INGREDIENTES: Harina de trigo, azúcar, aceites vegetales. Contiene: GLUTEN, LECHE, SOJA. Conservar en lugar fresco.",PASS,Etiqueta conforme. Alérgenos declarados y resaltados.
OCR-9134,2026-09-03 16:20:00,BAT-5035,PROD_03,"GLUTEN,LECHE,SOJA","GLUTEN,LECHE,SOJA","INGREDIENTES: Harina de trigo, azúcar, aceites vegetales. Contiene: GLUTEN, LECHE, SOJA. Conservar en lugar fresco.",PASS,Etiqueta conforme. Alérgenos declarados y resaltados.
OCR-9135,2026-09-03 16:46:00,BAT-5035,PROD_03,"GLUTEN,LECHE,SOJA","GLUTEN,LECHE,SOJA","INGREDIENTES: Harina de trigo, azúcar, aceites vegetales. Contiene: GLUTEN, LECHE, SOJA. Conservar en lugar fresco.",PASS,Etiqueta conforme. Alérgenos declarados y resaltados.
OCR-9136,2026-09-03 15:55:00,BAT-5035,PROD_03,"GLUTEN,LECHE,SOJA","GLUTEN,LECHE,SOJA","INGREDIENTES: Harina de trigo, azúcar, aceites vegetales. Contiene: GLUTEN, LECHE, SOJA. Conservar en lugar fresco.",PASS,Etiqueta conforme. Alérgenos declarados y resaltados.
OCR-9137,2026-09-03 19:52:00,BAT-5036,PROD_04,"GLUTEN,LECHE,SOJA,AVELLANA","GLUTEN,LECHE,SOJA,AVELLANA","INGREDIENTES: Harina de trigo, azúcar, aceites vegetales. Contiene: GLUTEN, LECHE, SOJA, AVELLANA. Conservar en lugar fresco.",PASS,Etiqueta conforme. Alérgenos declarados y resaltados.
OCR-9138,2026-09-03 20:17:00,BAT-5036,PROD_04,"GLUTEN,LECHE,SOJA,AVELLANA",,"INGREDIENTES: Harina de trigo, azúcar, aceites vegetales. Contiene: . Conservar en lugar fresco.",FAIL_OCR_UNREADABLE,Error de lectura OCR: Código de barras o texto borroso.
OCR-9139,2026-09-03 19:33:00,BAT-5036,PROD_04,"GLUTEN,LECHE,SOJA,AVELLANA","GLUTEN,LECHE,SOJA,AVELLANA","INGREDIENTES: Harina de trigo, azúcar, aceites vegetales. Contiene: GLUTEN, LECHE, SOJA, AVELLANA. Conservar en lugar fresco.",PASS,Etiqueta conforme. Alérgenos declarados y resaltados.
OCR-9140,2026-09-03 10:12:00,BAT-5037,PROD_01,GLUTEN,GLUTEN,"INGREDIENTES: Harina de trigo, azúcar, aceites vegetales. Contiene: GLUTEN. Conservar en lugar fresco.",PASS,Etiqueta conforme. Alérgenos declarados y resaltados.
OCR-9141,2026-09-03 08:22:00,BAT-5037,PROD_01,GLUTEN,GLUTEN,"INGREDIENTES: Harina de trigo, azúcar, aceites vegetales. Contiene: GLUTEN. Conservar en lugar fresco.",PASS,Etiqueta conforme. Alérgenos declarados y resaltados.
OCR-9142,2026-09-03 07:17:00,BAT-5037,PROD_01,GLUTEN,GLUTEN,"INGREDIENTES: Harina de trigo, azúcar, aceites vegetales. Contiene: GLUTEN. Conservar en lugar fresco.",PASS,Etiqueta conforme. Alérgenos declarados y resaltados.
OCR-9143,2026-09-03 10:12:00,BAT-5037,PROD_01,GLUTEN,GLUTEN,"INGREDIENTES: Harina de trigo, azúcar, aceites vegetales. Contiene: GLUTEN. Conservar en lugar fresco.",PASS,Etiqueta conforme. Alérgenos declarados y resaltados.
OCR-9144,2026-09-03 08:57:00,BAT-5037,PROD_01,GLUTEN,,"INGREDIENTES: Harina de trigo, azúcar, aceites vegetales. Contiene: . Conservar en lugar fresco.",FAIL_MISSING_ALLERGEN,ALERTA: Faltan alérgenos obligatorios en el texto impreso.
OCR-9145,2026-09-03 15:03:00,BAT-5038,PROD_02,"GLUTEN,SÉSAMO","GLUTEN,SÉSAMO","INGREDIENTES: Harina de trigo, azúcar, aceites vegetales. Contiene: GLUTEN, SÉSAMO. Conservar en lugar fresco.",PASS,Etiqueta conforme. Alérgenos declarados y resaltados.
OCR-9146,2026-09-03 13:44:00,BAT-5038,PROD_02,"GLUTEN,SÉSAMO","GLUTEN,SÉSAMO","INGREDIENTES: Harina de trigo, azúcar, aceites vegetales. Contiene: GLUTEN, SÉSAMO. Conservar en lugar fresco.",PASS,Etiqueta conforme. Alérgenos declarados y resaltados.
OCR-9147,2026-09-03 13:55:00,BAT-5038,PROD_02,"GLUTEN,SÉSAMO","GLUTEN,SÉSAMO","INGREDIENTES: Harina de trigo, azúcar, aceites vegetales. Contiene: GLUTEN, SÉSAMO. Conservar en lugar fresco.",PASS,Etiqueta conforme. Alérgenos declarados y resaltados.
OCR-9148,2026-09-03 12:15:00,BAT-5038,PROD_02,"GLUTEN,SÉSAMO","GLUTEN,SÉSAMO","INGREDIENTES: Harina de trigo, azúcar, aceites vegetales. Contiene: GLUTEN, SÉSAMO. Conservar en lugar fresco.",PASS,Etiqueta conforme. Alérgenos declarados y resaltados.
OCR-9149,2026-09-03 13:36:00,BAT-5038,PROD_02,"GLUTEN,SÉSAMO","GLUTEN,SÉSAMO","INGREDIENTES: Harina de trigo, azúcar, aceites vegetales. Contiene: GLUTEN, SÉSAMO. Conservar en lugar fresco.",PASS,Etiqueta conforme. Alérgenos declarados y resaltados.
OCR-9150,2026-09-03 17:05:00,BAT-5039,PROD_04,"GLUTEN,LECHE,SOJA,AVELLANA","GLUTEN,LECHE,SOJA,AVELLANA","INGREDIENTES: Harina de trigo, azúcar, aceites vegetales. Contiene: GLUTEN, LECHE, SOJA, AVELLANA. Conservar en lugar fresco.",PASS,Etiqueta conforme. Alérgenos declarados y resaltados.
OCR-9151,2026-09-03 18:08:00,BAT-5039,PROD_04,"GLUTEN,LECHE,SOJA,AVELLANA","GLUTEN,LECHE,SOJA,AVELLANA","INGREDIENTES: Harina de trigo, azúcar, aceites vegetales. Contiene: GLUTEN, LECHE, SOJA, AVELLANA. Conservar en lugar fresco.",PASS,Etiqueta conforme. Alérgenos declarados y resaltados.
OCR-9152,2026-09-03 16:56:00,BAT-5039,PROD_04,"GLUTEN,LECHE,SOJA,AVELLANA","GLUTEN,LECHE,SOJA,AVELLANA","INGREDIENTES: Harina de trigo, azúcar, aceites vegetales. Contiene: GLUTEN, LECHE, SOJA, AVELLANA. Conservar en lugar fresco.",PASS,Etiqueta conforme. Alérgenos declarados y resaltados.
OCR-9153,2026-09-03 16:14:00,BAT-5039,PROD_04,"GLUTEN,LECHE,SOJA,AVELLANA","GLUTEN,LECHE,SOJA,AVELLANA","INGREDIENTES: Harina de trigo, azúcar, aceites vegetales. Contiene: GLUTEN, LECHE, SOJA, AVELLANA. Conservar en lugar fresco.",PASS,Etiqueta conforme. Alérgenos declarados y resaltados.
OCR-9154,2026-09-03 16:55:00,BAT-5039,PROD_04,"GLUTEN,LECHE,SOJA,AVELLANA","GLUTEN,LECHE,SOJA,AVELLANA","INGREDIENTES: Harina de trigo, azúcar, aceites vegetales. Contiene: GLUTEN, LECHE, SOJA, AVELLANA. Conservar en lugar fresco.",PASS,Etiqueta conforme. Alérgenos declarados y resaltados.
OCR-9155,2026-09-04 07:07:00,BAT-5040,PROD_06,"GLUTEN,LECHE,HUEVO","GLUTEN,LECHE,HUEVO","INGREDIENTES: Harina de trigo, azúcar, aceites vegetales. Contiene: GLUTEN, LECHE, HUEVO. Conservar en lugar fresco.",PASS,Etiqueta conforme. Alérgenos declarados y resaltados.
OCR-9156,2026-09-04 07:54:00,BAT-5040,PROD_06,"GLUTEN,LECHE,HUEVO","GLUTEN,LECHE,HUEVO","INGREDIENTES: Harina de trigo, azúcar, aceites vegetales. Contiene: GLUTEN, LECHE, HUEVO. Conservar en lugar fresco.",PASS,Etiqueta conforme. Alérgenos declarados y resaltados.
OCR-9157,2026-09-04 08:44:00,BAT-5040,PROD_06,"GLUTEN,LECHE,HUEVO","GLUTEN,LECHE","INGREDIENTES: Harina de trigo, azúcar, aceites vegetales. Contiene: GLUTEN, LECHE. Conservar en lugar fresco.",FAIL_MISSING_ALLERGEN,ALERTA: Faltan alérgenos obligatorios en el texto impreso.
OCR-9158,2026-09-04 12:12:00,BAT-5041,PROD_03,"GLUTEN,LECHE,SOJA","GLUTEN,LECHE,SOJA","INGREDIENTES: Harina de trigo, azúcar, aceites vegetales. Contiene: GLUTEN, LECHE, SOJA. Conservar en lugar fresco.",PASS,Etiqueta conforme. Alérgenos declarados y resaltados.
OCR-9159,2026-09-04 12:05:00,BAT-5041,PROD_03,"GLUTEN,LECHE,SOJA","GLUTEN,LECHE,SOJA","INGREDIENTES: Harina de trigo, azúcar, aceites vegetales. Contiene: GLUTEN, LECHE, SOJA. Conservar en lugar fresco.",PASS,Etiqueta conforme. Alérgenos declarados y resaltados.
OCR-9160,2026-09-04 12:14:00,BAT-5041,PROD_03,"GLUTEN,LECHE,SOJA","GLUTEN,LECHE,SOJA","INGREDIENTES: Harina de trigo, azúcar, aceites vegetales. Contiene: GLUTEN, LECHE, SOJA. Conservar en lugar fresco.",PASS,Etiqueta conforme. Alérgenos declarados y resaltados.
OCR-9161,2026-09-04 12:22:00,BAT-5041,PROD_03,"GLUTEN,LECHE,SOJA","GLUTEN,LECHE,SOJA","INGREDIENTES: Harina de trigo, azúcar, aceites vegetales. Contiene: GLUTEN, LECHE, SOJA. Conservar en lugar fresco.",PASS,Etiqueta conforme. Alérgenos declarados y resaltados.
OCR-9162,2026-09-04 12:54:00,BAT-5041,PROD_03,"GLUTEN,LECHE,SOJA","GLUTEN,LECHE,SOJA","INGREDIENTES: Harina de trigo, azúcar, aceites vegetales. Contiene: GLUTEN, LECHE, SOJA. Conservar en lugar fresco.",PASS,Etiqueta conforme. Alérgenos declarados y resaltados.
OCR-9163,2026-09-04 14:51:00,BAT-5042,PROD_04,"GLUTEN,LECHE,SOJA,AVELLANA","GLUTEN,LECHE,SOJA,AVELLANA","INGREDIENTES: Harina de trigo, azúcar, aceites vegetales. Contiene: GLUTEN, LECHE, SOJA, AVELLANA. Conservar en lugar fresco.",PASS,Etiqueta conforme. Alérgenos declarados y resaltados.
OCR-9164,2026-09-04 15:59:00,BAT-5042,PROD_04,"GLUTEN,LECHE,SOJA,AVELLANA","GLUTEN,LECHE,SOJA,AVELLANA","INGREDIENTES: Harina de trigo, azúcar, aceites vegetales. Contiene: GLUTEN, LECHE, SOJA, AVELLANA. Conservar en lugar fresco.",PASS,Etiqueta conforme. Alérgenos declarados y resaltados.
OCR-9165,2026-09-04 15:21:00,BAT-5042,PROD_04,"GLUTEN,LECHE,SOJA,AVELLANA","GLUTEN,LECHE,SOJA,AVELLANA","INGREDIENTES: Harina de trigo, azúcar, aceites vegetales. Contiene: GLUTEN, LECHE, SOJA, AVELLANA. Conservar en lugar fresco.",PASS,Etiqueta conforme. Alérgenos declarados y resaltados.
OCR-9166,2026-09-04 15:38:00,BAT-5042,PROD_04,"GLUTEN,LECHE,SOJA,AVELLANA","GLUTEN,LECHE,SOJA,AVELLANA","INGREDIENTES: Harina de trigo, azúcar, aceites vegetales. Contiene: GLUTEN, LECHE, SOJA, AVELLANA. Conservar en lugar fresco.",PASS,Etiqueta conforme. Alérgenos declarados y resaltados.
OCR-9167,2026-09-04 07:21:00,BAT-5043,PROD_02,"GLUTEN,SÉSAMO","GLUTEN,SÉSAMO","INGREDIENTES: Harina de trigo, azúcar, aceites vegetales. Contiene: GLUTEN, SÉSAMO. Conservar en lugar fresco.",PASS,Etiqueta conforme. Alérgenos declarados y resaltados.
OCR-9168,2026-09-04 07:09:00,BAT-5043,PROD_02,"GLUTEN,SÉSAMO","GLUTEN,SÉSAMO","INGREDIENTES: Harina de trigo, azúcar, aceites vegetales. Contiene: GLUTEN, SÉSAMO. Conservar en lugar fresco.",PASS,Etiqueta conforme. Alérgenos declarados y resaltados.
OCR-9169,2026-09-04 07:41:00,BAT-5043,PROD_02,"GLUTEN,SÉSAMO","GLUTEN,SÉSAMO","INGREDIENTES: Harina de trigo, azúcar, aceites vegetales. Contiene: GLUTEN, SÉSAMO. Conservar en lugar fresco.",PASS,Etiqueta conforme. Alérgenos declarados y resaltados.
OCR-9170,2026-09-04 12:47:00,BAT-5044,PROD_06,"GLUTEN,LECHE,HUEVO","GLUTEN,LECHE","INGREDIENTES: Harina de trigo, azúcar, aceites vegetales. Contiene: GLUTEN, LECHE. Conservar en lugar fresco.",FAIL_MISSING_ALLERGEN,ALERTA: Faltan alérgenos obligatorios en el texto impreso.
OCR-9171,2026-09-04 11:22:00,BAT-5044,PROD_06,"GLUTEN,LECHE,HUEVO","GLUTEN,LECHE,HUEVO","INGREDIENTES: Harina de trigo, azúcar, aceites vegetales. Contiene: GLUTEN, LECHE, HUEVO. Conservar en lugar fresco.",PASS,Etiqueta conforme. Alérgenos declarados y resaltados.
OCR-9172,2026-09-04 09:55:00,BAT-5044,PROD_06,"GLUTEN,LECHE,HUEVO","GLUTEN,LECHE,HUEVO","INGREDIENTES: Harina de trigo, azúcar, aceites vegetales. Contiene: GLUTEN, LECHE, HUEVO. Conservar en lugar fresco.",PASS,Etiqueta conforme. Alérgenos declarados y resaltados.
OCR-9173,2026-09-04 12:46:00,BAT-5044,PROD_06,"GLUTEN,LECHE,HUEVO","GLUTEN,LECHE,HUEVO","INGREDIENTES: Harina de trigo, azúcar, aceites vegetales. Contiene: GLUTEN, LECHE, HUEVO. Conservar en lugar fresco.",PASS,Etiqueta conforme. Alérgenos declarados y resaltados.
OCR-9174,2026-09-04 16:41:00,BAT-5045,PROD_04,"GLUTEN,LECHE,SOJA,AVELLANA","GLUTEN,LECHE,SOJA,AVELLANA","INGREDIENTES: Harina de trigo, azúcar, aceites vegetales. Contiene: GLUTEN, LECHE, SOJA, AVELLANA. Conservar en lugar fresco.",PASS,Etiqueta conforme. Alérgenos declarados y resaltados.
OCR-9175,2026-09-04 16:41:00,BAT-5045,PROD_04,"GLUTEN,LECHE,SOJA,AVELLANA","GLUTEN,LECHE,SOJA,AVELLANA","INGREDIENTES: Harina de trigo, azúcar, aceites vegetales. Contiene: GLUTEN, LECHE, SOJA, AVELLANA. Conservar en lugar fresco.",PASS,Etiqueta conforme. Alérgenos declarados y resaltados.
OCR-9176,2026-09-04 14:02:00,BAT-5045,PROD_04,"GLUTEN,LECHE,SOJA,AVELLANA","GLUTEN,LECHE,SOJA","INGREDIENTES: Harina de trigo, azúcar, aceites vegetales. Contiene: GLUTEN, LECHE, SOJA. Conservar en lugar fresco.",FAIL_MISSING_ALLERGEN,ALERTA: Faltan alérgenos obligatorios en el texto impreso.
OCR-9177,2026-09-04 07:13:00,BAT-5046,PROD_03,"GLUTEN,LECHE,SOJA","GLUTEN,LECHE,SOJA","INGREDIENTES: Harina de trigo, azúcar, aceites vegetales. Contiene: GLUTEN, LECHE, SOJA. Conservar en lugar fresco.",PASS,Etiqueta conforme. Alérgenos declarados y resaltados.
OCR-9178,2026-09-04 07:38:00,BAT-5046,PROD_03,"GLUTEN,LECHE,SOJA","GLUTEN,LECHE","INGREDIENTES: Harina de trigo, azúcar, aceites vegetales. Contiene: GLUTEN, LECHE. Conservar en lugar fresco.",FAIL_MISSING_ALLERGEN,ALERTA: Faltan alérgenos obligatorios en el texto impreso.
OCR-9179,2026-09-04 07:10:00,BAT-5046,PROD_03,"GLUTEN,LECHE,SOJA","GLUTEN,LECHE,SOJA","INGREDIENTES: Harina de trigo, azúcar, aceites vegetales. Contiene: GLUTEN, LECHE, SOJA. Conservar en lugar fresco.",PASS,Etiqueta conforme. Alérgenos declarados y resaltados.
OCR-9180,2026-09-04 08:54:00,BAT-5046,PROD_03,"GLUTEN,LECHE,SOJA","GLUTEN,LECHE,SOJA","INGREDIENTES: Harina de trigo, azúcar, aceites vegetales. Contiene: GLUTEN, LECHE, SOJA. Conservar en lugar fresco.",PASS,Etiqueta conforme. Alérgenos declarados y resaltados.
OCR-9181,2026-09-04 09:27:00,BAT-5046,PROD_03,"GLUTEN,LECHE,SOJA","GLUTEN,LECHE,SOJA","INGREDIENTES: Harina de trigo, azúcar, aceites vegetales. Contiene: GLUTEN, LECHE, SOJA. Conservar en lugar fresco.",PASS,Etiqueta conforme. Alérgenos declarados y resaltados.
OCR-9182,2026-09-04 12:13:00,BAT-5047,PROD_05,"GLUTEN,CACAHUETE,SOJA","GLUTEN,CACAHUETE,SOJA","INGREDIENTES: Harina de trigo, azúcar, aceites vegetales. Contiene: GLUTEN, CACAHUETE, SOJA. Conservar en lugar fresco.",PASS,Etiqueta conforme. Alérgenos declarados y resaltados.
OCR-9183,2026-09-04 13:39:00,BAT-5047,PROD_05,"GLUTEN,CACAHUETE,SOJA","GLUTEN,CACAHUETE,SOJA","INGREDIENTES: Harina de trigo, azúcar, aceites vegetales. Contiene: GLUTEN, CACAHUETE, SOJA. Conservar en lugar fresco.",PASS,Etiqueta conforme. Alérgenos declarados y resaltados.
OCR-9184,2026-09-04 14:09:00,BAT-5047,PROD_05,"GLUTEN,CACAHUETE,SOJA","GLUTEN,CACAHUETE,SOJA","INGREDIENTES: Harina de trigo, azúcar, aceites vegetales. Contiene: GLUTEN, CACAHUETE, SOJA. Conservar en lugar fresco.",PASS,Etiqueta conforme. Alérgenos declarados y resaltados.
OCR-9185,2026-09-04 17:16:00,BAT-5048,PROD_04,"GLUTEN,LECHE,SOJA,AVELLANA","GLUTEN,LECHE,SOJA,AVELLANA","INGREDIENTES: Harina de trigo, azúcar, aceites vegetales. Contiene: GLUTEN, LECHE, SOJA, AVELLANA. Conservar en lugar fresco.",PASS,Etiqueta conforme. Alérgenos declarados y resaltados.
OCR-9186,2026-09-04 20:34:00,BAT-5048,PROD_04,"GLUTEN,LECHE,SOJA,AVELLANA","GLUTEN,LECHE,SOJA,AVELLANA","INGREDIENTES: Harina de trigo, azúcar, aceites vegetales. Contiene: GLUTEN, LECHE, SOJA, AVELLANA. Conservar en lugar fresco.",PASS,Etiqueta conforme. Alérgenos declarados y resaltados.
OCR-9187,2026-09-04 17:30:00,BAT-5048,PROD_04,"GLUTEN,LECHE,SOJA,AVELLANA","GLUTEN,LECHE,SOJA,AVELLANA","INGREDIENTES: Harina de trigo, azúcar, aceites vegetales. Contiene: GLUTEN, LECHE, SOJA, AVELLANA. Conservar en lugar fresco.",PASS,Etiqueta conforme. Alérgenos declarados y resaltados.
OCR-9188,2026-09-04 10:13:00,BAT-5049,PROD_02,"GLUTEN,SÉSAMO","GLUTEN,SÉSAMO","INGREDIENTES: Harina de trigo, azúcar, aceites vegetales. Contiene: GLUTEN, SÉSAMO. Conservar en lugar fresco.",PASS,Etiqueta conforme. Alérgenos declarados y resaltados.
OCR-9189,2026-09-04 08:32:00,BAT-5049,PROD_02,"GLUTEN,SÉSAMO","GLUTEN,SÉSAMO","INGREDIENTES: Harina de trigo, azúcar, aceites vegetales. Contiene: GLUTEN, SÉSAMO. Conservar en lugar fresco.",PASS,Etiqueta conforme. Alérgenos declarados y resaltados.
OCR-9190,2026-09-04 08:20:00,BAT-5049,PROD_02,"GLUTEN,SÉSAMO","GLUTEN,SÉSAMO","INGREDIENTES: Harina de trigo, azúcar, aceites vegetales. Contiene: GLUTEN, SÉSAMO. Conservar en lugar fresco.",PASS,Etiqueta conforme. Alérgenos declarados y resaltados.
OCR-9191,2026-09-04 06:59:00,BAT-5049,PROD_02,"GLUTEN,SÉSAMO","GLUTEN,SÉSAMO","INGREDIENTES: Harina de trigo, azúcar, aceites vegetales. Contiene: GLUTEN, SÉSAMO. Conservar en lugar fresco.",PASS,Etiqueta conforme. Alérgenos declarados y resaltados.
OCR-9192,2026-09-04 14:47:00,BAT-5050,PROD_03,"GLUTEN,LECHE,SOJA","GLUTEN,LECHE,SOJA","INGREDIENTES: Harina de trigo, azúcar, aceites vegetales. Contiene: GLUTEN, LECHE, SOJA. Conservar en lugar fresco.",PASS,Etiqueta conforme. Alérgenos declarados y resaltados.
OCR-9193,2026-09-04 14:11:00,BAT-5050,PROD_03,"GLUTEN,LECHE,SOJA","GLUTEN,LECHE,SOJA","INGREDIENTES: Harina de trigo, azúcar, aceites vegetales. Contiene: GLUTEN, LECHE, SOJA. Conservar en lugar fresco.",PASS,Etiqueta conforme. Alérgenos declarados y resaltados.
OCR-9194,2026-09-04 13:01:00,BAT-5050,PROD_03,"GLUTEN,LECHE,SOJA","GLUTEN,LECHE,SOJA","INGREDIENTES: Harina de trigo, azúcar, aceites vegetales. Contiene: GLUTEN, LECHE, SOJA. Conservar en lugar fresco.",PASS,Etiqueta conforme. Alérgenos declarados y resaltados.
OCR-9195,2026-09-04 17:59:00,BAT-5051,PROD_04,"GLUTEN,LECHE,SOJA,AVELLANA","GLUTEN,LECHE,SOJA,AVELLANA","INGREDIENTES: Harina de trigo, azúcar, aceites vegetales. Contiene: GLUTEN, LECHE, SOJA, AVELLANA. Conservar en lugar fresco.",PASS,Etiqueta conforme. Alérgenos declarados y resaltados.
OCR-9196,2026-09-04 19:19:00,BAT-5051,PROD_04,"GLUTEN,LECHE,SOJA,AVELLANA","GLUTEN,LECHE,SOJA,AVELLANA","INGREDIENTES: Harina de trigo, azúcar, aceites vegetales. Contiene: GLUTEN, LECHE, SOJA, AVELLANA. Conservar en lugar fresco.",PASS,Etiqueta conforme. Alérgenos declarados y resaltados.
OCR-9197,2026-09-04 17:06:00,BAT-5051,PROD_04,"GLUTEN,LECHE,SOJA,AVELLANA","GLUTEN,LECHE,SOJA,AVELLANA","INGREDIENTES: Harina de trigo, azúcar, aceites vegetales. Contiene: GLUTEN, LECHE, SOJA, AVELLANA. Conservar en lugar fresco.",PASS,Etiqueta conforme. Alérgenos declarados y resaltados.
OCR-9198,2026-09-05 06:38:00,BAT-5052,PROD_02,"GLUTEN,SÉSAMO","GLUTEN,SÉSAMO","INGREDIENTES: Harina de trigo, azúcar, aceites vegetales. Contiene: GLUTEN, SÉSAMO. Conservar en lugar fresco.",PASS,Etiqueta conforme. Alérgenos declarados y resaltados.
OCR-9199,2026-09-05 07:58:00,BAT-5052,PROD_02,"GLUTEN,SÉSAMO","GLUTEN,SÉSAMO","INGREDIENTES: Harina de trigo, azúcar, aceites vegetales. Contiene: GLUTEN, SÉSAMO. Conservar en lugar fresco.",PASS,Etiqueta conforme. Alérgenos declarados y resaltados.
OCR-9200,2026-09-05 07:33:00,BAT-5052,PROD_02,"GLUTEN,SÉSAMO","GLUTEN,SÉSAMO","INGREDIENTES: Harina de trigo, azúcar, aceites vegetales. Contiene: GLUTEN, SÉSAMO. Conservar en lugar fresco.",PASS,Etiqueta conforme. Alérgenos declarados y resaltados.
OCR-9201,2026-09-05 12:56:00,BAT-5053,PROD_05,"GLUTEN,CACAHUETE,SOJA","GLUTEN,CACAHUETE,SOJA","INGREDIENTES: Harina de trigo, azúcar, aceites vegetales. Contiene: GLUTEN, CACAHUETE, SOJA. Conservar en lugar fresco.",PASS,Etiqueta conforme. Alérgenos declarados y resaltados.
OCR-9202,2026-09-05 12:23:00,BAT-5053,PROD_05,"GLUTEN,CACAHUETE,SOJA",,"INGREDIENTES: Harina de trigo, azúcar, aceites vegetales. Contiene: . Conservar en lugar fresco.",FAIL_OCR_UNREADABLE,Error de lectura OCR: Código de barras o texto borroso.
OCR-9203,2026-09-05 12:55:00,BAT-5053,PROD_05,"GLUTEN,CACAHUETE,SOJA","GLUTEN,CACAHUETE,SOJA","INGREDIENTES: Harina de trigo, azúcar, aceites vegetales. Contiene: GLUTEN, CACAHUETE, SOJA. Conservar en lugar fresco.",PASS,Etiqueta conforme. Alérgenos declarados y resaltados.
OCR-9204,2026-09-05 13:34:00,BAT-5053,PROD_05,"GLUTEN,CACAHUETE,SOJA","GLUTEN,CACAHUETE,SOJA","INGREDIENTES: Harina de trigo, azúcar, aceites vegetales. Contiene: GLUTEN, CACAHUETE, SOJA. Conservar en lugar fresco.",PASS,Etiqueta conforme. Alérgenos declarados y resaltados.
OCR-9205,2026-09-05 15:54:00,BAT-5054,PROD_03,"GLUTEN,LECHE,SOJA","GLUTEN,LECHE,SOJA","INGREDIENTES: Harina de trigo, azúcar, aceites vegetales. Contiene: GLUTEN, LECHE, SOJA. Conservar en lugar fresco.",PASS,Etiqueta conforme. Alérgenos declarados y resaltados.
OCR-9206,2026-09-05 15:44:00,BAT-5054,PROD_03,"GLUTEN,LECHE,SOJA","GLUTEN,LECHE,SOJA","INGREDIENTES: Harina de trigo, azúcar, aceites vegetales. Contiene: GLUTEN, LECHE, SOJA. Conservar en lugar fresco.",PASS,Etiqueta conforme. Alérgenos declarados y resaltados.
OCR-9207,2026-09-05 18:05:00,BAT-5054,PROD_03,"GLUTEN,LECHE,SOJA","GLUTEN,LECHE,SOJA","INGREDIENTES: Harina de trigo, azúcar, aceites vegetales. Contiene: GLUTEN, LECHE, SOJA. Conservar en lugar fresco.",PASS,Etiqueta conforme. Alérgenos declarados y resaltados.
OCR-9208,2026-09-05 18:10:00,BAT-5054,PROD_03,"GLUTEN,LECHE,SOJA","GLUTEN,LECHE,SOJA","INGREDIENTES: Harina de trigo, azúcar, aceites vegetales. Contiene: GLUTEN, LECHE, SOJA. Conservar en lugar fresco.",PASS,Etiqueta conforme. Alérgenos declarados y resaltados.
OCR-9209,2026-09-05 21:18:00,BAT-5055,PROD_04,"GLUTEN,LECHE,SOJA,AVELLANA","GLUTEN,LECHE,SOJA,AVELLANA","INGREDIENTES: Harina de trigo, azúcar, aceites vegetales. Contiene: GLUTEN, LECHE, SOJA, AVELLANA. Conservar en lugar fresco.",PASS,Etiqueta conforme. Alérgenos declarados y resaltados.
OCR-9210,2026-09-05 21:45:00,BAT-5055,PROD_04,"GLUTEN,LECHE,SOJA,AVELLANA",,"INGREDIENTES: Harina de trigo, azúcar, aceites vegetales. Contiene: . Conservar en lugar fresco.",FAIL_OCR_UNREADABLE,Error de lectura OCR: Código de barras o texto borroso.
OCR-9211,2026-09-05 21:29:00,BAT-5055,PROD_04,"GLUTEN,LECHE,SOJA,AVELLANA","GLUTEN,LECHE,SOJA,AVELLANA","INGREDIENTES: Harina de trigo, azúcar, aceites vegetales. Contiene: GLUTEN, LECHE, SOJA, AVELLANA. Conservar en lugar fresco.",PASS,Etiqueta conforme. Alérgenos declarados y resaltados.
OCR-9212,2026-09-05 07:07:00,BAT-5056,PROD_01,GLUTEN,GLUTEN,"INGREDIENTES: Harina de trigo, azúcar, aceites vegetales. Contiene: GLUTEN. Conservar en lugar fresco.",PASS,Etiqueta conforme. Alérgenos declarados y resaltados.
OCR-9213,2026-09-05 08:40:00,BAT-5056,PROD_01,GLUTEN,GLUTEN,"INGREDIENTES: Harina de trigo, azúcar, aceites vegetales. Contiene: GLUTEN. Conservar en lugar fresco.",PASS,Etiqueta conforme. Alérgenos declarados y resaltados.
OCR-9214,2026-09-05 10:00:00,BAT-5056,PROD_01,GLUTEN,GLUTEN,"INGREDIENTES: Harina de trigo, azúcar, aceites vegetales. Contiene: GLUTEN. Conservar en lugar fresco.",PASS,Etiqueta conforme. Alérgenos declarados y resaltados.
OCR-9215,2026-09-05 06:41:00,BAT-5056,PROD_01,GLUTEN,GLUTEN,"INGREDIENTES: Harina de trigo, azúcar, aceites vegetales. Contiene: GLUTEN. Conservar en lugar fresco.",PASS,Etiqueta conforme. Alérgenos declarados y resaltados.
OCR-9216,2026-09-05 15:05:00,BAT-5057,PROD_06,"GLUTEN,LECHE,HUEVO","GLUTEN,LECHE,HUEVO","INGREDIENTES: Harina de trigo, azúcar, aceites vegetales. Contiene: GLUTEN, LECHE, HUEVO. Conservar en lugar fresco.",PASS,Etiqueta conforme. Alérgenos declarados y resaltados.
OCR-9217,2026-09-05 13:40:00,BAT-5057,PROD_06,"GLUTEN,LECHE,HUEVO","GLUTEN,LECHE,HUEVO","INGREDIENTES: Harina de trigo, azúcar, aceites vegetales. Contiene: GLUTEN, LECHE, HUEVO. Conservar en lugar fresco.",PASS,Etiqueta conforme. Alérgenos declarados y resaltados.
OCR-9218,2026-09-05 14:16:00,BAT-5057,PROD_06,"GLUTEN,LECHE,HUEVO","GLUTEN,LECHE,HUEVO","INGREDIENTES: Harina de trigo, azúcar, aceites vegetales. Contiene: GLUTEN, LECHE, HUEVO. Conservar en lugar fresco.",PASS,Etiqueta conforme. Alérgenos declarados y resaltados.
OCR-9219,2026-09-05 18:19:00,BAT-5058,PROD_03,"GLUTEN,LECHE,SOJA","GLUTEN,LECHE","INGREDIENTES: Harina de trigo, azúcar, aceites vegetales. Contiene: GLUTEN, LECHE. Conservar en lugar fresco.",FAIL_MISSING_ALLERGEN,ALERTA: Faltan alérgenos obligatorios en el texto impreso.
OCR-9220,2026-09-05 16:16:00,BAT-5058,PROD_03,"GLUTEN,LECHE,SOJA",,"INGREDIENTES: Harina de trigo, azúcar, aceites vegetales. Contiene: . Conservar en lugar fresco.",FAIL_OCR_UNREADABLE,Error de lectura OCR: Código de barras o texto borroso.
OCR-9221,2026-09-05 16:25:00,BAT-5058,PROD_03,"GLUTEN,LECHE,SOJA","GLUTEN,LECHE,SOJA","INGREDIENTES: Harina de trigo, azúcar, aceites vegetales. Contiene: GLUTEN, LECHE, SOJA. Conservar en lugar fresco.",PASS,Etiqueta conforme. Alérgenos declarados y resaltados.
OCR-9222,2026-09-05 21:47:00,BAT-5059,PROD_04,"GLUTEN,LECHE,SOJA,AVELLANA","GLUTEN,LECHE,SOJA,AVELLANA","INGREDIENTES: Harina de trigo, azúcar, aceites vegetales. Contiene: GLUTEN, LECHE, SOJA, AVELLANA. Conservar en lugar fresco.",PASS,Etiqueta conforme. Alérgenos declarados y resaltados.
OCR-9223,2026-09-05 20:12:00,BAT-5059,PROD_04,"GLUTEN,LECHE,SOJA,AVELLANA","GLUTEN,LECHE,SOJA,AVELLANA","INGREDIENTES: Harina de trigo, azúcar, aceites vegetales. Contiene: GLUTEN, LECHE, SOJA, AVELLANA. Conservar en lugar fresco.",PASS,Etiqueta conforme. Alérgenos declarados y resaltados.
OCR-9224,2026-09-05 20:52:00,BAT-5059,PROD_04,"GLUTEN,LECHE,SOJA,AVELLANA","GLUTEN,LECHE,SOJA,AVELLANA","INGREDIENTES: Harina de trigo, azúcar, aceites vegetales. Contiene: GLUTEN, LECHE, SOJA, AVELLANA. Conservar en lugar fresco.",PASS,Etiqueta conforme. Alérgenos declarados y resaltados.
OCR-9225,2026-09-05 21:08:00,BAT-5059,PROD_04,"GLUTEN,LECHE,SOJA,AVELLANA","GLUTEN,LECHE,SOJA,AVELLANA","INGREDIENTES: Harina de trigo, azúcar, aceites vegetales. Contiene: GLUTEN, LECHE, SOJA, AVELLANA. Conservar en lugar fresco.",PASS,Etiqueta conforme. Alérgenos declarados y resaltados.
OCR-9226,2026-09-05 21:45:00,BAT-5059,PROD_04,"GLUTEN,LECHE,SOJA,AVELLANA",,"INGREDIENTES: Harina de trigo, azúcar, aceites vegetales. Contiene: . Conservar en lugar fresco.",FAIL_OCR_UNREADABLE,Error de lectura OCR: Código de barras o texto borroso.
OCR-9227,2026-09-05 06:15:00,BAT-5060,PROD_01,GLUTEN,GLUTEN,"INGREDIENTES: Harina de trigo, azúcar, aceites vegetales. Contiene: GLUTEN. Conservar en lugar fresco.",PASS,Etiqueta conforme. Alérgenos declarados y resaltados.
OCR-9228,2026-09-05 08:15:00,BAT-5060,PROD_01,GLUTEN,GLUTEN,"INGREDIENTES: Harina de trigo, azúcar, aceites vegetales. Contiene: GLUTEN. Conservar en lugar fresco.",PASS,Etiqueta conforme. Alérgenos declarados y resaltados.
OCR-9229,2026-09-05 07:14:00,BAT-5060,PROD_01,GLUTEN,GLUTEN,"INGREDIENTES: Harina de trigo, azúcar, aceites vegetales. Contiene: GLUTEN. Conservar en lugar fresco.",PASS,Etiqueta conforme. Alérgenos declarados y resaltados.
OCR-9230,2026-09-05 11:31:00,BAT-5061,PROD_02,"GLUTEN,SÉSAMO","GLUTEN,SÉSAMO","INGREDIENTES: Harina de trigo, azúcar, aceites vegetales. Contiene: GLUTEN, SÉSAMO. Conservar en lugar fresco.",PASS,Etiqueta conforme. Alérgenos declarados y resaltados.
OCR-9231,2026-09-05 10:34:00,BAT-5061,PROD_02,"GLUTEN,SÉSAMO",GLUTEN,"INGREDIENTES: Harina de trigo, azúcar, aceites vegetales. Contiene: GLUTEN. Conservar en lugar fresco.",FAIL_MISSING_ALLERGEN,ALERTA: Faltan alérgenos obligatorios en el texto impreso.
OCR-9232,2026-09-05 12:56:00,BAT-5061,PROD_02,"GLUTEN,SÉSAMO","GLUTEN,SÉSAMO","INGREDIENTES: Harina de trigo, azúcar, aceites vegetales. Contiene: GLUTEN, SÉSAMO. Conservar en lugar fresco.",PASS,Etiqueta conforme. Alérgenos declarados y resaltados.
OCR-9233,2026-09-05 12:05:00,BAT-5061,PROD_02,"GLUTEN,SÉSAMO","GLUTEN,SÉSAMO","INGREDIENTES: Harina de trigo, azúcar, aceites vegetales. Contiene: GLUTEN, SÉSAMO. Conservar en lugar fresco.",PASS,Etiqueta conforme. Alérgenos declarados y resaltados.
OCR-9234,2026-09-05 10:25:00,BAT-5061,PROD_02,"GLUTEN,SÉSAMO","GLUTEN,SÉSAMO","INGREDIENTES: Harina de trigo, azúcar, aceites vegetales. Contiene: GLUTEN, SÉSAMO. Conservar en lugar fresco.",PASS,Etiqueta conforme. Alérgenos declarados y resaltados.
OCR-9235,2026-09-05 15:11:00,BAT-5062,PROD_06,"GLUTEN,LECHE,HUEVO","GLUTEN,LECHE,HUEVO","INGREDIENTES: Harina de trigo, azúcar, aceites vegetales. Contiene: GLUTEN, LECHE, HUEVO. Conservar en lugar fresco.",PASS,Etiqueta conforme. Alérgenos declarados y resaltados.
OCR-9236,2026-09-05 15:07:00,BAT-5062,PROD_06,"GLUTEN,LECHE,HUEVO","GLUTEN,LECHE,HUEVO","INGREDIENTES: Harina de trigo, azúcar, aceites vegetales. Contiene: GLUTEN, LECHE, HUEVO. Conservar en lugar fresco.",PASS,Etiqueta conforme. Alérgenos declarados y resaltados.
OCR-9237,2026-09-05 15:19:00,BAT-5062,PROD_06,"GLUTEN,LECHE,HUEVO","GLUTEN,LECHE,HUEVO","INGREDIENTES: Harina de trigo, azúcar, aceites vegetales. Contiene: GLUTEN, LECHE, HUEVO. Conservar en lugar fresco.",PASS,Etiqueta conforme. Alérgenos declarados y resaltados.
OCR-9238,2026-09-05 21:42:00,BAT-5063,PROD_05,"GLUTEN,CACAHUETE,SOJA","GLUTEN,CACAHUETE,SOJA","INGREDIENTES: Harina de trigo, azúcar, aceites vegetales. Contiene: GLUTEN, CACAHUETE, SOJA. Conservar en lugar fresco.",PASS,Etiqueta conforme. Alérgenos declarados y resaltados.
OCR-9239,2026-09-05 23:14:00,BAT-5063,PROD_05,"GLUTEN,CACAHUETE,SOJA","GLUTEN,CACAHUETE,SOJA","INGREDIENTES: Harina de trigo, azúcar, aceites vegetales. Contiene: GLUTEN, CACAHUETE, SOJA. Conservar en lugar fresco.",PASS,Etiqueta conforme. Alérgenos declarados y resaltados.
OCR-9240,2026-09-05 22:41:00,BAT-5063,PROD_05,"GLUTEN,CACAHUETE,SOJA","GLUTEN,CACAHUETE","INGREDIENTES: Harina de trigo, azúcar, aceites vegetales. Contiene: GLUTEN, CACAHUETE. Conservar en lugar fresco.",FAIL_MISSING_ALLERGEN,ALERTA: Faltan alérgenos obligatorios en el texto impreso.
OCR-9241,2026-09-05 23:31:00,BAT-5063,PROD_05,"GLUTEN,CACAHUETE,SOJA","GLUTEN,CACAHUETE,SOJA","INGREDIENTES: Harina de trigo, azúcar, aceites vegetales. Contiene: GLUTEN, CACAHUETE, SOJA. Conservar en lugar fresco.",PASS,Etiqueta conforme. Alérgenos declarados y resaltados.
OCR-9242,2026-09-05 22:59:00,BAT-5063,PROD_05,"GLUTEN,CACAHUETE,SOJA","GLUTEN,CACAHUETE,SOJA","INGREDIENTES: Harina de trigo, azúcar, aceites vegetales. Contiene: GLUTEN, CACAHUETE, SOJA. Conservar en lugar fresco.",PASS,Etiqueta conforme. Alérgenos declarados y resaltados.
OCR-9243,2026-09-05 07:01:00,BAT-5064,PROD_01,GLUTEN,,"INGREDIENTES: Harina de trigo, azúcar, aceites vegetales. Contiene: . Conservar en lugar fresco.",FAIL_OCR_UNREADABLE,Error de lectura OCR: Código de barras o texto borroso.
OCR-9244,2026-09-05 08:06:00,BAT-5064,PROD_01,GLUTEN,GLUTEN,"INGREDIENTES: Harina de trigo, azúcar, aceites vegetales. Contiene: GLUTEN. Conservar en lugar fresco.",PASS,Etiqueta conforme. Alérgenos declarados y resaltados.
OCR-9245,2026-09-05 08:20:00,BAT-5064,PROD_01,GLUTEN,,"INGREDIENTES: Harina de trigo, azúcar, aceites vegetales. Contiene: . Conservar en lugar fresco.",FAIL_MISSING_ALLERGEN,ALERTA: Faltan alérgenos obligatorios en el texto impreso.
OCR-9246,2026-09-05 08:15:00,BAT-5064,PROD_01,GLUTEN,GLUTEN,"INGREDIENTES: Harina de trigo, azúcar, aceites vegetales. Contiene: GLUTEN. Conservar en lugar fresco.",PASS,Etiqueta conforme. Alérgenos declarados y resaltados.
OCR-9247,2026-09-05 13:26:00,BAT-5065,PROD_02,"GLUTEN,SÉSAMO","GLUTEN,SÉSAMO","INGREDIENTES: Harina de trigo, azúcar, aceites vegetales. Contiene: GLUTEN, SÉSAMO. Conservar en lugar fresco.",PASS,Etiqueta conforme. Alérgenos declarados y resaltados.
OCR-9248,2026-09-05 11:16:00,BAT-5065,PROD_02,"GLUTEN,SÉSAMO","GLUTEN,SÉSAMO","INGREDIENTES: Harina de trigo, azúcar, aceites vegetales. Contiene: GLUTEN, SÉSAMO. Conservar en lugar fresco.",PASS,Etiqueta conforme. Alérgenos declarados y resaltados.
OCR-9249,2026-09-05 13:32:00,BAT-5065,PROD_02,"GLUTEN,SÉSAMO","GLUTEN,SÉSAMO","INGREDIENTES: Harina de trigo, azúcar, aceites vegetales. Contiene: GLUTEN, SÉSAMO. Conservar en lugar fresco.",PASS,Etiqueta conforme. Alérgenos declarados y resaltados.
OCR-9250,2026-09-05 13:24:00,BAT-5065,PROD_02,"GLUTEN,SÉSAMO",GLUTEN,"INGREDIENTES: Harina de trigo, azúcar, aceites vegetales. Contiene: GLUTEN. Conservar en lugar fresco.",FAIL_MISSING_ALLERGEN,ALERTA: Faltan alérgenos obligatorios en el texto impreso.
OCR-9251,2026-09-05 18:47:00,BAT-5066,PROD_05,"GLUTEN,CACAHUETE,SOJA","GLUTEN,CACAHUETE,SOJA","INGREDIENTES: Harina de trigo, azúcar, aceites vegetales. Contiene: GLUTEN, CACAHUETE, SOJA. Conservar en lugar fresco.",PASS,Etiqueta conforme. Alérgenos declarados y resaltados.
OCR-9252,2026-09-05 17:04:00,BAT-5066,PROD_05,"GLUTEN,CACAHUETE,SOJA","GLUTEN,CACAHUETE,SOJA","INGREDIENTES: Harina de trigo, azúcar, aceites vegetales. Contiene: GLUTEN, CACAHUETE, SOJA. Conservar en lugar fresco.",PASS,Etiqueta conforme. Alérgenos declarados y resaltados.
OCR-9253,2026-09-05 18:21:00,BAT-5066,PROD_05,"GLUTEN,CACAHUETE,SOJA","GLUTEN,CACAHUETE,SOJA","INGREDIENTES: Harina de trigo, azúcar, aceites vegetales. Contiene: GLUTEN, CACAHUETE, SOJA. Conservar en lugar fresco.",PASS,Etiqueta conforme. Alérgenos declarados y resaltados.
OCR-9254,2026-09-05 22:33:00,BAT-5067,PROD_04,"GLUTEN,LECHE,SOJA,AVELLANA","GLUTEN,LECHE,SOJA,AVELLANA","INGREDIENTES: Harina de trigo, azúcar, aceites vegetales. Contiene: GLUTEN, LECHE, SOJA, AVELLANA. Conservar en lugar fresco.",PASS,Etiqueta conforme. Alérgenos declarados y resaltados.
OCR-9255,2026-09-05 20:28:00,BAT-5067,PROD_04,"GLUTEN,LECHE,SOJA,AVELLANA","GLUTEN,LECHE,SOJA,AVELLANA","INGREDIENTES: Harina de trigo, azúcar, aceites vegetales. Contiene: GLUTEN, LECHE, SOJA, AVELLANA. Conservar en lugar fresco.",PASS,Etiqueta conforme. Alérgenos declarados y resaltados.
OCR-9256,2026-09-05 21:47:00,BAT-5067,PROD_04,"GLUTEN,LECHE,SOJA,AVELLANA","GLUTEN,LECHE,SOJA,AVELLANA","INGREDIENTES: Harina de trigo, azúcar, aceites vegetales. Contiene: GLUTEN, LECHE, SOJA, AVELLANA. Conservar en lugar fresco.",PASS,Etiqueta conforme. Alérgenos declarados y resaltados.
OCR-9257,2026-09-05 22:22:00,BAT-5067,PROD_04,"GLUTEN,LECHE,SOJA,AVELLANA","GLUTEN,LECHE,SOJA,AVELLANA","INGREDIENTES: Harina de trigo, azúcar, aceites vegetales. Contiene: GLUTEN, LECHE, SOJA, AVELLANA. Conservar en lugar fresco.",PASS,Etiqueta conforme. Alérgenos declarados y resaltados.
OCR-9258,2026-09-05 20:28:00,BAT-5067,PROD_04,"GLUTEN,LECHE,SOJA,AVELLANA","GLUTEN,LECHE,SOJA,AVELLANA","INGREDIENTES: Harina de trigo, azúcar, aceites vegetales. Contiene: GLUTEN, LECHE, SOJA, AVELLANA. Conservar en lugar fresco.",PASS,Etiqueta conforme. Alérgenos declarados y resaltados.
OCR-9259,2026-09-06 06:44:00,BAT-5068,PROD_01,GLUTEN,GLUTEN,"INGREDIENTES: Harina de trigo, azúcar, aceites vegetales. Contiene: GLUTEN. Conservar en lugar fresco.",PASS,Etiqueta conforme. Alérgenos declarados y resaltados.
OCR-9260,2026-09-06 06:45:00,BAT-5068,PROD_01,GLUTEN,GLUTEN,"INGREDIENTES: Harina de trigo, azúcar, aceites vegetales. Contiene: GLUTEN. Conservar en lugar fresco.",PASS,Etiqueta conforme. Alérgenos declarados y resaltados.
OCR-9261,2026-09-06 06:54:00,BAT-5068,PROD_01,GLUTEN,GLUTEN,"INGREDIENTES: Harina de trigo, azúcar, aceites vegetales. Contiene: GLUTEN. Conservar en lugar fresco.",PASS,Etiqueta conforme. Alérgenos declarados y resaltados.
OCR-9262,2026-09-06 13:55:00,BAT-5069,PROD_03,"GLUTEN,LECHE,SOJA","GLUTEN,LECHE,SOJA","INGREDIENTES: Harina de trigo, azúcar, aceites vegetales. Contiene: GLUTEN, LECHE, SOJA. Conservar en lugar fresco.",PASS,Etiqueta conforme. Alérgenos declarados y resaltados.
OCR-9263,2026-09-06 13:07:00,BAT-5069,PROD_03,"GLUTEN,LECHE,SOJA","GLUTEN,LECHE,SOJA","INGREDIENTES: Harina de trigo, azúcar, aceites vegetales. Contiene: GLUTEN, LECHE, SOJA. Conservar en lugar fresco.",PASS,Etiqueta conforme. Alérgenos declarados y resaltados.
OCR-9264,2026-09-06 13:36:00,BAT-5069,PROD_03,"GLUTEN,LECHE,SOJA","GLUTEN,LECHE,SOJA","INGREDIENTES: Harina de trigo, azúcar, aceites vegetales. Contiene: GLUTEN, LECHE, SOJA. Conservar en lugar fresco.",PASS,Etiqueta conforme. Alérgenos declarados y resaltados.
OCR-9265,2026-09-06 10:49:00,BAT-5069,PROD_03,"GLUTEN,LECHE,SOJA","GLUTEN,LECHE,SOJA","INGREDIENTES: Harina de trigo, azúcar, aceites vegetales. Contiene: GLUTEN, LECHE, SOJA. Conservar en lugar fresco.",PASS,Etiqueta conforme. Alérgenos declarados y resaltados.
OCR-9266,2026-09-06 16:04:00,BAT-5070,PROD_05,"GLUTEN,CACAHUETE,SOJA","GLUTEN,CACAHUETE,SOJA","INGREDIENTES: Harina de trigo, azúcar, aceites vegetales. Contiene: GLUTEN, CACAHUETE, SOJA. Conservar en lugar fresco.",PASS,Etiqueta conforme. Alérgenos declarados y resaltados.
OCR-9267,2026-09-06 17:16:00,BAT-5070,PROD_05,"GLUTEN,CACAHUETE,SOJA","GLUTEN,CACAHUETE,SOJA","INGREDIENTES: Harina de trigo, azúcar, aceites vegetales. Contiene: GLUTEN, CACAHUETE, SOJA. Conservar en lugar fresco.",PASS,Etiqueta conforme. Alérgenos declarados y resaltados.
OCR-9268,2026-09-06 18:27:00,BAT-5070,PROD_05,"GLUTEN,CACAHUETE,SOJA","GLUTEN,CACAHUETE,SOJA","INGREDIENTES: Harina de trigo, azúcar, aceites vegetales. Contiene: GLUTEN, CACAHUETE, SOJA. Conservar en lugar fresco.",PASS,Etiqueta conforme. Alérgenos declarados y resaltados.
OCR-9269,2026-09-06 19:14:00,BAT-5070,PROD_05,"GLUTEN,CACAHUETE,SOJA","GLUTEN,CACAHUETE,SOJA","INGREDIENTES: Harina de trigo, azúcar, aceites vegetales. Contiene: GLUTEN, CACAHUETE, SOJA. Conservar en lugar fresco.",PASS,Etiqueta conforme. Alérgenos declarados y resaltados.
OCR-9270,2026-09-06 14:56:00,BAT-5070,PROD_05,"GLUTEN,CACAHUETE,SOJA","GLUTEN,CACAHUETE,SOJA","INGREDIENTES: Harina de trigo, azúcar, aceites vegetales. Contiene: GLUTEN, CACAHUETE, SOJA. Conservar en lugar fresco.",PASS,Etiqueta conforme. Alérgenos declarados y resaltados.
OCR-9271,2026-09-06 07:36:00,BAT-5071,PROD_02,"GLUTEN,SÉSAMO","GLUTEN,SÉSAMO","INGREDIENTES: Harina de trigo, azúcar, aceites vegetales. Contiene: GLUTEN, SÉSAMO. Conservar en lugar fresco.",PASS,Etiqueta conforme. Alérgenos declarados y resaltados.
OCR-9272,2026-09-06 09:15:00,BAT-5071,PROD_02,"GLUTEN,SÉSAMO","GLUTEN,SÉSAMO","INGREDIENTES: Harina de trigo, azúcar, aceites vegetales. Contiene: GLUTEN, SÉSAMO. Conservar en lugar fresco.",PASS,Etiqueta conforme. Alérgenos declarados y resaltados.
OCR-9273,2026-09-06 07:52:00,BAT-5071,PROD_02,"GLUTEN,SÉSAMO","GLUTEN,SÉSAMO","INGREDIENTES: Harina de trigo, azúcar, aceites vegetales. Contiene: GLUTEN, SÉSAMO. Conservar en lugar fresco.",PASS,Etiqueta conforme. Alérgenos declarados y resaltados.
OCR-9274,2026-09-06 11:52:00,BAT-5072,PROD_03,"GLUTEN,LECHE,SOJA","GLUTEN,LECHE,SOJA","INGREDIENTES: Harina de trigo, azúcar, aceites vegetales. Contiene: GLUTEN, LECHE, SOJA. Conservar en lugar fresco.",PASS,Etiqueta conforme. Alérgenos declarados y resaltados.
OCR-9275,2026-09-06 10:53:00,BAT-5072,PROD_03,"GLUTEN,LECHE,SOJA","GLUTEN,LECHE,SOJA","INGREDIENTES: Harina de trigo, azúcar, aceites vegetales. Contiene: GLUTEN, LECHE, SOJA. Conservar en lugar fresco.",PASS,Etiqueta conforme. Alérgenos declarados y resaltados.
OCR-9276,2026-09-06 13:24:00,BAT-5072,PROD_03,"GLUTEN,LECHE,SOJA","GLUTEN,LECHE,SOJA","INGREDIENTES: Harina de trigo, azúcar, aceites vegetales. Contiene: GLUTEN, LECHE, SOJA. Conservar en lugar fresco.",PASS,Etiqueta conforme. Alérgenos declarados y resaltados.
OCR-9277,2026-09-06 14:20:00,BAT-5072,PROD_03,"GLUTEN,LECHE,SOJA","GLUTEN,LECHE,SOJA","INGREDIENTES: Harina de trigo, azúcar, aceites vegetales. Contiene: GLUTEN, LECHE, SOJA. Conservar en lugar fresco.",PASS,Etiqueta conforme. Alérgenos declarados y resaltados.
OCR-9278,2026-09-06 14:28:00,BAT-5072,PROD_03,"GLUTEN,LECHE,SOJA","GLUTEN,LECHE,SOJA","INGREDIENTES: Harina de trigo, azúcar, aceites vegetales. Contiene: GLUTEN, LECHE, SOJA. Conservar en lugar fresco.",PASS,Etiqueta conforme. Alérgenos declarados y resaltados.
OCR-9279,2026-09-06 16:34:00,BAT-5073,PROD_05,"GLUTEN,CACAHUETE,SOJA","GLUTEN,CACAHUETE,SOJA","INGREDIENTES: Harina de trigo, azúcar, aceites vegetales. Contiene: GLUTEN, CACAHUETE, SOJA. Conservar en lugar fresco.",PASS,Etiqueta conforme. Alérgenos declarados y resaltados.
OCR-9280,2026-09-06 17:02:00,BAT-5073,PROD_05,"GLUTEN,CACAHUETE,SOJA","GLUTEN,CACAHUETE,SOJA","INGREDIENTES: Harina de trigo, azúcar, aceites vegetales. Contiene: GLUTEN, CACAHUETE, SOJA. Conservar en lugar fresco.",PASS,Etiqueta conforme. Alérgenos declarados y resaltados.
OCR-9281,2026-09-06 17:36:00,BAT-5073,PROD_05,"GLUTEN,CACAHUETE,SOJA","GLUTEN,CACAHUETE,SOJA","INGREDIENTES: Harina de trigo, azúcar, aceites vegetales. Contiene: GLUTEN, CACAHUETE, SOJA. Conservar en lugar fresco.",PASS,Etiqueta conforme. Alérgenos declarados y resaltados.
OCR-9282,2026-09-06 17:19:00,BAT-5073,PROD_05,"GLUTEN,CACAHUETE,SOJA","GLUTEN,CACAHUETE,SOJA","INGREDIENTES: Harina de trigo, azúcar, aceites vegetales. Contiene: GLUTEN, CACAHUETE, SOJA. Conservar en lugar fresco.",PASS,Etiqueta conforme. Alérgenos declarados y resaltados.
OCR-9283,2026-09-06 21:57:00,BAT-5074,PROD_06,"GLUTEN,LECHE,HUEVO","GLUTEN,LECHE,HUEVO","INGREDIENTES: Harina de trigo, azúcar, aceites vegetales. Contiene: GLUTEN, LECHE, HUEVO. Conservar en lugar fresco.",PASS,Etiqueta conforme. Alérgenos declarados y resaltados.
OCR-9284,2026-09-06 23:24:00,BAT-5074,PROD_06,"GLUTEN,LECHE,HUEVO","GLUTEN,LECHE,HUEVO","INGREDIENTES: Harina de trigo, azúcar, aceites vegetales. Contiene: GLUTEN, LECHE, HUEVO. Conservar en lugar fresco.",PASS,Etiqueta conforme. Alérgenos declarados y resaltados.
OCR-9285,2026-09-06 19:33:00,BAT-5074,PROD_06,"GLUTEN,LECHE,HUEVO","GLUTEN,LECHE,HUEVO","INGREDIENTES: Harina de trigo, azúcar, aceites vegetales. Contiene: GLUTEN, LECHE, HUEVO. Conservar en lugar fresco.",PASS,Etiqueta conforme. Alérgenos declarados y resaltados.
OCR-9286,2026-09-06 21:15:00,BAT-5074,PROD_06,"GLUTEN,LECHE,HUEVO","GLUTEN,LECHE,HUEVO","INGREDIENTES: Harina de trigo, azúcar, aceites vegetales. Contiene: GLUTEN, LECHE, HUEVO. Conservar en lugar fresco.",PASS,Etiqueta conforme. Alérgenos declarados y resaltados.
OCR-9287,2026-09-06 07:46:00,BAT-5075,PROD_01,GLUTEN,GLUTEN,"INGREDIENTES: Harina de trigo, azúcar, aceites vegetales. Contiene: GLUTEN. Conservar en lugar fresco.",PASS,Etiqueta conforme. Alérgenos declarados y resaltados.
OCR-9288,2026-09-06 06:52:00,BAT-5075,PROD_01,GLUTEN,GLUTEN,"INGREDIENTES: Harina de trigo, azúcar, aceites vegetales. Contiene: GLUTEN. Conservar en lugar fresco.",PASS,Etiqueta conforme. Alérgenos declarados y resaltados.
OCR-9289,2026-09-06 08:00:00,BAT-5075,PROD_01,GLUTEN,GLUTEN,"INGREDIENTES: Harina de trigo, azúcar, aceites vegetales. Contiene: GLUTEN. Conservar en lugar fresco.",PASS,Etiqueta conforme. Alérgenos declarados y resaltados.
OCR-9290,2026-09-06 07:01:00,BAT-5075,PROD_01,GLUTEN,GLUTEN,"INGREDIENTES: Harina de trigo, azúcar, aceites vegetales. Contiene: GLUTEN. Conservar en lugar fresco.",PASS,Etiqueta conforme. Alérgenos declarados y resaltados.
OCR-9291,2026-09-06 11:12:00,BAT-5076,PROD_02,"GLUTEN,SÉSAMO","GLUTEN,SÉSAMO","INGREDIENTES: Harina de trigo, azúcar, aceites vegetales. Contiene: GLUTEN, SÉSAMO. Conservar en lugar fresco.",PASS,Etiqueta conforme. Alérgenos declarados y resaltados.
OCR-9292,2026-09-06 10:36:00,BAT-5076,PROD_02,"GLUTEN,SÉSAMO","GLUTEN,SÉSAMO","INGREDIENTES: Harina de trigo, azúcar, aceites vegetales. Contiene: GLUTEN, SÉSAMO. Conservar en lugar fresco.",PASS,Etiqueta conforme. Alérgenos declarados y resaltados.
OCR-9293,2026-09-06 12:04:00,BAT-5076,PROD_02,"GLUTEN,SÉSAMO","GLUTEN,SÉSAMO","INGREDIENTES: Harina de trigo, azúcar, aceites vegetales. Contiene: GLUTEN, SÉSAMO. Conservar en lugar fresco.",PASS,Etiqueta conforme. Alérgenos declarados y resaltados.
OCR-9294,2026-09-06 11:33:00,BAT-5076,PROD_02,"GLUTEN,SÉSAMO","GLUTEN,SÉSAMO","INGREDIENTES: Harina de trigo, azúcar, aceites vegetales. Contiene: GLUTEN, SÉSAMO. Conservar en lugar fresco.",PASS,Etiqueta conforme. Alérgenos declarados y resaltados.
OCR-9295,2026-09-06 11:32:00,BAT-5076,PROD_02,"GLUTEN,SÉSAMO","GLUTEN,SÉSAMO","INGREDIENTES: Harina de trigo, azúcar, aceites vegetales. Contiene: GLUTEN, SÉSAMO. Conservar en lugar fresco.",PASS,Etiqueta conforme. Alérgenos declarados y resaltados.
OCR-9296,2026-09-06 14:08:00,BAT-5077,PROD_03,"GLUTEN,LECHE,SOJA","GLUTEN,LECHE,SOJA","INGREDIENTES: Harina de trigo, azúcar, aceites vegetales. Contiene: GLUTEN, LECHE, SOJA. Conservar en lugar fresco.",PASS,Etiqueta conforme. Alérgenos declarados y resaltados.
OCR-9297,2026-09-06 13:35:00,BAT-5077,PROD_03,"GLUTEN,LECHE,SOJA","GLUTEN,LECHE,SOJA","INGREDIENTES: Harina de trigo, azúcar, aceites vegetales. Contiene: GLUTEN, LECHE, SOJA. Conservar en lugar fresco.",PASS,Etiqueta conforme. Alérgenos declarados y resaltados.
OCR-9298,2026-09-06 14:23:00,BAT-5077,PROD_03,"GLUTEN,LECHE,SOJA",,"INGREDIENTES: Harina de trigo, azúcar, aceites vegetales. Contiene: . Conservar en lugar fresco.",FAIL_OCR_UNREADABLE,Error de lectura OCR: Código de barras o texto borroso.
OCR-9299,2026-09-06 14:11:00,BAT-5077,PROD_03,"GLUTEN,LECHE,SOJA","GLUTEN,LECHE,SOJA","INGREDIENTES: Harina de trigo, azúcar, aceites vegetales. Contiene: GLUTEN, LECHE, SOJA. Conservar en lugar fresco.",PASS,Etiqueta conforme. Alérgenos declarados y resaltados.
OCR-9300,2026-09-06 17:19:00,BAT-5078,PROD_04,"GLUTEN,LECHE,SOJA,AVELLANA","GLUTEN,LECHE,SOJA,AVELLANA","INGREDIENTES: Harina de trigo, azúcar, aceites vegetales. Contiene: GLUTEN, LECHE, SOJA, AVELLANA. Conservar en lugar fresco.",PASS,Etiqueta conforme. Alérgenos declarados y resaltados.
OCR-9301,2026-09-06 17:32:00,BAT-5078,PROD_04,"GLUTEN,LECHE,SOJA,AVELLANA","GLUTEN,LECHE,SOJA,AVELLANA","INGREDIENTES: Harina de trigo, azúcar, aceites vegetales. Contiene: GLUTEN, LECHE, SOJA, AVELLANA. Conservar en lugar fresco.",PASS,Etiqueta conforme. Alérgenos declarados y resaltados.
OCR-9302,2026-09-06 17:53:00,BAT-5078,PROD_04,"GLUTEN,LECHE,SOJA,AVELLANA","GLUTEN,LECHE,SOJA,AVELLANA","INGREDIENTES: Harina de trigo, azúcar, aceites vegetales. Contiene: GLUTEN, LECHE, SOJA, AVELLANA. Conservar en lugar fresco.",PASS,Etiqueta conforme. Alérgenos declarados y resaltados.
OCR-9303,2026-09-06 16:42:00,BAT-5078,PROD_04,"GLUTEN,LECHE,SOJA,AVELLANA","GLUTEN,LECHE,SOJA,AVELLANA","INGREDIENTES: Harina de trigo, azúcar, aceites vegetales. Contiene: GLUTEN, LECHE, SOJA, AVELLANA. Conservar en lugar fresco.",PASS,Etiqueta conforme. Alérgenos declarados y resaltados.
OCR-9304,2026-09-06 18:41:00,BAT-5078,PROD_04,"GLUTEN,LECHE,SOJA,AVELLANA","GLUTEN,LECHE,SOJA,AVELLANA","INGREDIENTES: Harina de trigo, azúcar, aceites vegetales. Contiene: GLUTEN, LECHE, SOJA, AVELLANA. Conservar en lugar fresco.",PASS,Etiqueta conforme. Alérgenos declarados y resaltados.
OCR-9305,2026-09-06 07:25:00,BAT-5079,PROD_01,GLUTEN,GLUTEN,"INGREDIENTES: Harina de trigo, azúcar, aceites vegetales. Contiene: GLUTEN. Conservar en lugar fresco.",PASS,Etiqueta conforme. Alérgenos declarados y resaltados.
OCR-9306,2026-09-06 06:35:00,BAT-5079,PROD_01,GLUTEN,GLUTEN,"INGREDIENTES: Harina de trigo, azúcar, aceites vegetales. Contiene: GLUTEN. Conservar en lugar fresco.",PASS,Etiqueta conforme. Alérgenos declarados y resaltados.
OCR-9307,2026-09-06 10:00:00,BAT-5079,PROD_01,GLUTEN,GLUTEN,"INGREDIENTES: Harina de trigo, azúcar, aceites vegetales. Contiene: GLUTEN. Conservar en lugar fresco.",PASS,Etiqueta conforme. Alérgenos declarados y resaltados.
OCR-9308,2026-09-06 09:21:00,BAT-5079,PROD_01,GLUTEN,GLUTEN,"INGREDIENTES: Harina de trigo, azúcar, aceites vegetales. Contiene: GLUTEN. Conservar en lugar fresco.",PASS,Etiqueta conforme. Alérgenos declarados y resaltados.
OCR-9309,2026-09-06 12:58:00,BAT-5080,PROD_02,"GLUTEN,SÉSAMO","GLUTEN,SÉSAMO","INGREDIENTES: Harina de trigo, azúcar, aceites vegetales. Contiene: GLUTEN, SÉSAMO. Conservar en lugar fresco.",PASS,Etiqueta conforme. Alérgenos declarados y resaltados.
OCR-9310,2026-09-06 12:19:00,BAT-5080,PROD_02,"GLUTEN,SÉSAMO","GLUTEN,SÉSAMO","INGREDIENTES: Harina de trigo, azúcar, aceites vegetales. Contiene: GLUTEN, SÉSAMO. Conservar en lugar fresco.",PASS,Etiqueta conforme. Alérgenos declarados y resaltados.
OCR-9311,2026-09-06 13:53:00,BAT-5080,PROD_02,"GLUTEN,SÉSAMO","GLUTEN,SÉSAMO","INGREDIENTES: Harina de trigo, azúcar, aceites vegetales. Contiene: GLUTEN, SÉSAMO. Conservar en lugar fresco.",PASS,Etiqueta conforme. Alérgenos declarados y resaltados.
OCR-9312,2026-09-06 13:08:00,BAT-5080,PROD_02,"GLUTEN,SÉSAMO","GLUTEN,SÉSAMO","INGREDIENTES: Harina de trigo, azúcar, aceites vegetales. Contiene: GLUTEN, SÉSAMO. Conservar en lugar fresco.",PASS,Etiqueta conforme. Alérgenos declarados y resaltados.
OCR-9313,2026-09-06 16:00:00,BAT-5081,PROD_03,"GLUTEN,LECHE,SOJA","GLUTEN,LECHE,SOJA","INGREDIENTES: Harina de trigo, azúcar, aceites vegetales. Contiene: GLUTEN, LECHE, SOJA. Conservar en lugar fresco.",PASS,Etiqueta conforme. Alérgenos declarados y resaltados.
OCR-9314,2026-09-06 16:58:00,BAT-5081,PROD_03,"GLUTEN,LECHE,SOJA","GLUTEN,LECHE","INGREDIENTES: Harina de trigo, azúcar, aceites vegetales. Contiene: GLUTEN, LECHE. Conservar en lugar fresco.",FAIL_MISSING_ALLERGEN,ALERTA: Faltan alérgenos obligatorios en el texto impreso.
OCR-9315,2026-09-06 16:10:00,BAT-5081,PROD_03,"GLUTEN,LECHE,SOJA","GLUTEN,LECHE,SOJA","INGREDIENTES: Harina de trigo, azúcar, aceites vegetales. Contiene: GLUTEN, LECHE, SOJA. Conservar en lugar fresco.",PASS,Etiqueta conforme. Alérgenos declarados y resaltados.
OCR-9316,2026-09-06 21:14:00,BAT-5082,PROD_06,"GLUTEN,LECHE,HUEVO","GLUTEN,LECHE","INGREDIENTES: Harina de trigo, azúcar, aceites vegetales. Contiene: GLUTEN, LECHE. Conservar en lugar fresco.",FAIL_MISSING_ALLERGEN,ALERTA: Faltan alérgenos obligatorios en el texto impreso.
OCR-9317,2026-09-06 19:51:00,BAT-5082,PROD_06,"GLUTEN,LECHE,HUEVO","GLUTEN,LECHE,HUEVO","INGREDIENTES: Harina de trigo, azúcar, aceites vegetales. Contiene: GLUTEN, LECHE, HUEVO. Conservar en lugar fresco.",PASS,Etiqueta conforme. Alérgenos declarados y resaltados.
OCR-9318,2026-09-06 20:12:00,BAT-5082,PROD_06,"GLUTEN,LECHE,HUEVO","GLUTEN,LECHE,HUEVO","INGREDIENTES: Harina de trigo, azúcar, aceites vegetales. Contiene: GLUTEN, LECHE, HUEVO. Conservar en lugar fresco.",PASS,Etiqueta conforme. Alérgenos declarados y resaltados.
OCR-9319,2026-09-07 07:14:00,BAT-5083,PROD_03,"GLUTEN,LECHE,SOJA","GLUTEN,LECHE,SOJA","INGREDIENTES: Harina de trigo, azúcar, aceites vegetales. Contiene: GLUTEN, LECHE, SOJA. Conservar en lugar fresco.",PASS,Etiqueta conforme. Alérgenos declarados y resaltados.
OCR-9320,2026-09-07 08:38:00,BAT-5083,PROD_03,"GLUTEN,LECHE,SOJA","GLUTEN,LECHE,SOJA","INGREDIENTES: Harina de trigo, azúcar, aceites vegetales. Contiene: GLUTEN, LECHE, SOJA. Conservar en lugar fresco.",PASS,Etiqueta conforme. Alérgenos declarados y resaltados.
OCR-9321,2026-09-07 07:11:00,BAT-5083,PROD_03,"GLUTEN,LECHE,SOJA","GLUTEN,LECHE,SOJA","INGREDIENTES: Harina de trigo, azúcar, aceites vegetales. Contiene: GLUTEN, LECHE, SOJA. Conservar en lugar fresco.",PASS,Etiqueta conforme. Alérgenos declarados y resaltados.
OCR-9322,2026-09-07 08:13:00,BAT-5083,PROD_03,"GLUTEN,LECHE,SOJA","GLUTEN,LECHE,SOJA","INGREDIENTES: Harina de trigo, azúcar, aceites vegetales. Contiene: GLUTEN, LECHE, SOJA. Conservar en lugar fresco.",PASS,Etiqueta conforme. Alérgenos declarados y resaltados.
OCR-9323,2026-09-07 07:32:00,BAT-5083,PROD_03,"GLUTEN,LECHE,SOJA","GLUTEN,LECHE,SOJA","INGREDIENTES: Harina de trigo, azúcar, aceites vegetales. Contiene: GLUTEN, LECHE, SOJA. Conservar en lugar fresco.",PASS,Etiqueta conforme. Alérgenos declarados y resaltados.
OCR-9324,2026-09-07 09:46:00,BAT-5084,PROD_06,"GLUTEN,LECHE,HUEVO","GLUTEN,LECHE","INGREDIENTES: Harina de trigo, azúcar, aceites vegetales. Contiene: GLUTEN, LECHE. Conservar en lugar fresco.",FAIL_MISSING_ALLERGEN,ALERTA: Faltan alérgenos obligatorios en el texto impreso.
OCR-9325,2026-09-07 10:52:00,BAT-5084,PROD_06,"GLUTEN,LECHE,HUEVO",,"INGREDIENTES: Harina de trigo, azúcar, aceites vegetales. Contiene: . Conservar en lugar fresco.",FAIL_OCR_UNREADABLE,Error de lectura OCR: Código de barras o texto borroso.
OCR-9326,2026-09-07 10:04:00,BAT-5084,PROD_06,"GLUTEN,LECHE,HUEVO","GLUTEN,LECHE,HUEVO","INGREDIENTES: Harina de trigo, azúcar, aceites vegetales. Contiene: GLUTEN, LECHE, HUEVO. Conservar en lugar fresco.",PASS,Etiqueta conforme. Alérgenos declarados y resaltados.
OCR-9327,2026-09-07 16:13:00,BAT-5085,PROD_05,"GLUTEN,CACAHUETE,SOJA","GLUTEN,CACAHUETE,SOJA","INGREDIENTES: Harina de trigo, azúcar, aceites vegetales. Contiene: GLUTEN, CACAHUETE, SOJA. Conservar en lugar fresco.",PASS,Etiqueta conforme. Alérgenos declarados y resaltados.
OCR-9328,2026-09-07 16:29:00,BAT-5085,PROD_05,"GLUTEN,CACAHUETE,SOJA","GLUTEN,CACAHUETE,SOJA","INGREDIENTES: Harina de trigo, azúcar, aceites vegetales. Contiene: GLUTEN, CACAHUETE, SOJA. Conservar en lugar fresco.",PASS,Etiqueta conforme. Alérgenos declarados y resaltados.
OCR-9329,2026-09-07 14:14:00,BAT-5085,PROD_05,"GLUTEN,CACAHUETE,SOJA","GLUTEN,CACAHUETE,SOJA","INGREDIENTES: Harina de trigo, azúcar, aceites vegetales. Contiene: GLUTEN, CACAHUETE, SOJA. Conservar en lugar fresco.",PASS,Etiqueta conforme. Alérgenos declarados y resaltados.
OCR-9330,2026-09-07 22:25:00,BAT-5086,PROD_04,"GLUTEN,LECHE,SOJA,AVELLANA","GLUTEN,LECHE,SOJA,AVELLANA","INGREDIENTES: Harina de trigo, azúcar, aceites vegetales. Contiene: GLUTEN, LECHE, SOJA, AVELLANA. Conservar en lugar fresco.",PASS,Etiqueta conforme. Alérgenos declarados y resaltados.
OCR-9331,2026-09-07 20:38:00,BAT-5086,PROD_04,"GLUTEN,LECHE,SOJA,AVELLANA","GLUTEN,LECHE,SOJA,AVELLANA","INGREDIENTES: Harina de trigo, azúcar, aceites vegetales. Contiene: GLUTEN, LECHE, SOJA, AVELLANA. Conservar en lugar fresco.",PASS,Etiqueta conforme. Alérgenos declarados y resaltados.
OCR-9332,2026-09-07 21:24:00,BAT-5086,PROD_04,"GLUTEN,LECHE,SOJA,AVELLANA","GLUTEN,LECHE,SOJA,AVELLANA","INGREDIENTES: Harina de trigo, azúcar, aceites vegetales. Contiene: GLUTEN, LECHE, SOJA, AVELLANA. Conservar en lugar fresco.",PASS,Etiqueta conforme. Alérgenos declarados y resaltados.
OCR-9333,2026-09-07 06:25:00,BAT-5087,PROD_01,GLUTEN,GLUTEN,"INGREDIENTES: Harina de trigo, azúcar, aceites vegetales. Contiene: GLUTEN. Conservar en lugar fresco.",PASS,Etiqueta conforme. Alérgenos declarados y resaltados.
OCR-9334,2026-09-07 09:05:00,BAT-5087,PROD_01,GLUTEN,GLUTEN,"INGREDIENTES: Harina de trigo, azúcar, aceites vegetales. Contiene: GLUTEN. Conservar en lugar fresco.",PASS,Etiqueta conforme. Alérgenos declarados y resaltados.
OCR-9335,2026-09-07 07:19:00,BAT-5087,PROD_01,GLUTEN,GLUTEN,"INGREDIENTES: Harina de trigo, azúcar, aceites vegetales. Contiene: GLUTEN. Conservar en lugar fresco.",PASS,Etiqueta conforme. Alérgenos declarados y resaltados.
OCR-9336,2026-09-07 08:00:00,BAT-5087,PROD_01,GLUTEN,GLUTEN,"INGREDIENTES: Harina de trigo, azúcar, aceites vegetales. Contiene: GLUTEN. Conservar en lugar fresco.",PASS,Etiqueta conforme. Alérgenos declarados y resaltados.
OCR-9337,2026-09-07 08:01:00,BAT-5087,PROD_01,GLUTEN,GLUTEN,"INGREDIENTES: Harina de trigo, azúcar, aceites vegetales. Contiene: GLUTEN. Conservar en lugar fresco.",PASS,Etiqueta conforme. Alérgenos declarados y resaltados.
OCR-9338,2026-09-07 12:12:00,BAT-5088,PROD_02,"GLUTEN,SÉSAMO","GLUTEN,SÉSAMO","INGREDIENTES: Harina de trigo, azúcar, aceites vegetales. Contiene: GLUTEN, SÉSAMO. Conservar en lugar fresco.",PASS,Etiqueta conforme. Alérgenos declarados y resaltados.
OCR-9339,2026-09-07 11:35:00,BAT-5088,PROD_02,"GLUTEN,SÉSAMO","GLUTEN,SÉSAMO","INGREDIENTES: Harina de trigo, azúcar, aceites vegetales. Contiene: GLUTEN, SÉSAMO. Conservar en lugar fresco.",PASS,Etiqueta conforme. Alérgenos declarados y resaltados.
OCR-9340,2026-09-07 12:12:00,BAT-5088,PROD_02,"GLUTEN,SÉSAMO",,"INGREDIENTES: Harina de trigo, azúcar, aceites vegetales. Contiene: . Conservar en lugar fresco.",FAIL_OCR_UNREADABLE,Error de lectura OCR: Código de barras o texto borroso.
OCR-9341,2026-09-07 13:53:00,BAT-5088,PROD_02,"GLUTEN,SÉSAMO","GLUTEN,SÉSAMO","INGREDIENTES: Harina de trigo, azúcar, aceites vegetales. Contiene: GLUTEN, SÉSAMO. Conservar en lugar fresco.",PASS,Etiqueta conforme. Alérgenos declarados y resaltados.
OCR-9342,2026-09-07 15:01:00,BAT-5089,PROD_05,"GLUTEN,CACAHUETE,SOJA","GLUTEN,CACAHUETE,SOJA","INGREDIENTES: Harina de trigo, azúcar, aceites vegetales. Contiene: GLUTEN, CACAHUETE, SOJA. Conservar en lugar fresco.",PASS,Etiqueta conforme. Alérgenos declarados y resaltados.
OCR-9343,2026-09-07 16:26:00,BAT-5089,PROD_05,"GLUTEN,CACAHUETE,SOJA","GLUTEN,CACAHUETE,SOJA","INGREDIENTES: Harina de trigo, azúcar, aceites vegetales. Contiene: GLUTEN, CACAHUETE, SOJA. Conservar en lugar fresco.",PASS,Etiqueta conforme. Alérgenos declarados y resaltados.
OCR-9344,2026-09-07 15:55:00,BAT-5089,PROD_05,"GLUTEN,CACAHUETE,SOJA","GLUTEN,CACAHUETE,SOJA","INGREDIENTES: Harina de trigo, azúcar, aceites vegetales. Contiene: GLUTEN, CACAHUETE, SOJA. Conservar en lugar fresco.",PASS,Etiqueta conforme. Alérgenos declarados y resaltados.
OCR-9345,2026-09-07 19:22:00,BAT-5090,PROD_04,"GLUTEN,LECHE,SOJA,AVELLANA","GLUTEN,LECHE,SOJA,AVELLANA","INGREDIENTES: Harina de trigo, azúcar, aceites vegetales. Contiene: GLUTEN, LECHE, SOJA, AVELLANA. Conservar en lugar fresco.",PASS,Etiqueta conforme. Alérgenos declarados y resaltados.
OCR-9346,2026-09-07 20:02:00,BAT-5090,PROD_04,"GLUTEN,LECHE,SOJA,AVELLANA","GLUTEN,LECHE,SOJA,AVELLANA","INGREDIENTES: Harina de trigo, azúcar, aceites vegetales. Contiene: GLUTEN, LECHE, SOJA, AVELLANA. Conservar en lugar fresco.",PASS,Etiqueta conforme. Alérgenos declarados y resaltados.
OCR-9347,2026-09-07 18:31:00,BAT-5090,PROD_04,"GLUTEN,LECHE,SOJA,AVELLANA","GLUTEN,LECHE,SOJA,AVELLANA","INGREDIENTES: Harina de trigo, azúcar, aceites vegetales. Contiene: GLUTEN, LECHE, SOJA, AVELLANA. Conservar en lugar fresco.",PASS,Etiqueta conforme. Alérgenos declarados y resaltados.
OCR-9348,2026-09-07 06:42:00,BAT-5091,PROD_01,GLUTEN,GLUTEN,"INGREDIENTES: Harina de trigo, azúcar, aceites vegetales. Contiene: GLUTEN. Conservar en lugar fresco.",PASS,Etiqueta conforme. Alérgenos declarados y resaltados.
OCR-9349,2026-09-07 08:08:00,BAT-5091,PROD_01,GLUTEN,GLUTEN,"INGREDIENTES: Harina de trigo, azúcar, aceites vegetales. Contiene: GLUTEN. Conservar en lugar fresco.",PASS,Etiqueta conforme. Alérgenos declarados y resaltados.
OCR-9350,2026-09-07 06:35:00,BAT-5091,PROD_01,GLUTEN,GLUTEN,"INGREDIENTES: Harina de trigo, azúcar, aceites vegetales. Contiene: GLUTEN. Conservar en lugar fresco.",PASS,Etiqueta conforme. Alérgenos declarados y resaltados.
OCR-9351,2026-09-07 06:52:00,BAT-5091,PROD_01,GLUTEN,GLUTEN,"INGREDIENTES: Harina de trigo, azúcar, aceites vegetales. Contiene: GLUTEN. Conservar en lugar fresco.",PASS,Etiqueta conforme. Alérgenos declarados y resaltados.
OCR-9352,2026-09-07 07:25:00,BAT-5091,PROD_01,GLUTEN,GLUTEN,"INGREDIENTES: Harina de trigo, azúcar, aceites vegetales. Contiene: GLUTEN. Conservar en lugar fresco.",PASS,Etiqueta conforme. Alérgenos declarados y resaltados.
OCR-9353,2026-09-07 13:21:00,BAT-5092,PROD_02,"GLUTEN,SÉSAMO","GLUTEN,SÉSAMO","INGREDIENTES: Harina de trigo, azúcar, aceites vegetales. Contiene: GLUTEN, SÉSAMO. Conservar en lugar fresco.",PASS,Etiqueta conforme. Alérgenos declarados y resaltados.
OCR-9354,2026-09-07 13:05:00,BAT-5092,PROD_02,"GLUTEN,SÉSAMO","GLUTEN,SÉSAMO","INGREDIENTES: Harina de trigo, azúcar, aceites vegetales. Contiene: GLUTEN, SÉSAMO. Conservar en lugar fresco.",PASS,Etiqueta conforme. Alérgenos declarados y resaltados.
OCR-9355,2026-09-07 14:15:00,BAT-5092,PROD_02,"GLUTEN,SÉSAMO","GLUTEN,SÉSAMO","INGREDIENTES: Harina de trigo, azúcar, aceites vegetales. Contiene: GLUTEN, SÉSAMO. Conservar en lugar fresco.",PASS,Etiqueta conforme. Alérgenos declarados y resaltados.
OCR-9356,2026-09-07 11:33:00,BAT-5092,PROD_02,"GLUTEN,SÉSAMO","GLUTEN,SÉSAMO","INGREDIENTES: Harina de trigo, azúcar, aceites vegetales. Contiene: GLUTEN, SÉSAMO. Conservar en lugar fresco.",PASS,Etiqueta conforme. Alérgenos declarados y resaltados.
OCR-9357,2026-09-07 12:25:00,BAT-5092,PROD_02,"GLUTEN,SÉSAMO","GLUTEN,SÉSAMO","INGREDIENTES: Harina de trigo, azúcar, aceites vegetales. Contiene: GLUTEN, SÉSAMO. Conservar en lugar fresco.",PASS,Etiqueta conforme. Alérgenos declarados y resaltados.
OCR-9358,2026-09-07 17:21:00,BAT-5093,PROD_05,"GLUTEN,CACAHUETE,SOJA","GLUTEN,CACAHUETE,SOJA","INGREDIENTES: Harina de trigo, azúcar, aceites vegetales. Contiene: GLUTEN, CACAHUETE, SOJA. Conservar en lugar fresco.",PASS,Etiqueta conforme. Alérgenos declarados y resaltados.
OCR-9359,2026-09-07 17:37:00,BAT-5093,PROD_05,"GLUTEN,CACAHUETE,SOJA","GLUTEN,CACAHUETE,SOJA","INGREDIENTES: Harina de trigo, azúcar, aceites vegetales. Contiene: GLUTEN, CACAHUETE, SOJA. Conservar en lugar fresco.",PASS,Etiqueta conforme. Alérgenos declarados y resaltados.
OCR-9360,2026-09-07 16:19:00,BAT-5093,PROD_05,"GLUTEN,CACAHUETE,SOJA","GLUTEN,CACAHUETE,SOJA","INGREDIENTES: Harina de trigo, azúcar, aceites vegetales. Contiene: GLUTEN, CACAHUETE, SOJA. Conservar en lugar fresco.",PASS,Etiqueta conforme. Alérgenos declarados y resaltados.
OCR-9361,2026-09-07 17:15:00,BAT-5093,PROD_05,"GLUTEN,CACAHUETE,SOJA","GLUTEN,CACAHUETE,SOJA","INGREDIENTES: Harina de trigo, azúcar, aceites vegetales. Contiene: GLUTEN, CACAHUETE, SOJA. Conservar en lugar fresco.",PASS,Etiqueta conforme. Alérgenos declarados y resaltados.
OCR-9362,2026-09-07 22:10:00,BAT-5094,PROD_04,"GLUTEN,LECHE,SOJA,AVELLANA","GLUTEN,LECHE,SOJA","INGREDIENTES: Harina de trigo, azúcar, aceites vegetales. Contiene: GLUTEN, LECHE, SOJA. Conservar en lugar fresco.",FAIL_MISSING_ALLERGEN,ALERTA: Faltan alérgenos obligatorios en el texto impreso.
OCR-9363,2026-09-07 19:32:00,BAT-5094,PROD_04,"GLUTEN,LECHE,SOJA,AVELLANA","GLUTEN,LECHE,SOJA,AVELLANA","INGREDIENTES: Harina de trigo, azúcar, aceites vegetales. Contiene: GLUTEN, LECHE, SOJA, AVELLANA. Conservar en lugar fresco.",PASS,Etiqueta conforme. Alérgenos declarados y resaltados.
OCR-9364,2026-09-07 19:36:00,BAT-5094,PROD_04,"GLUTEN,LECHE,SOJA,AVELLANA","GLUTEN,LECHE,SOJA,AVELLANA","INGREDIENTES: Harina de trigo, azúcar, aceites vegetales. Contiene: GLUTEN, LECHE, SOJA, AVELLANA. Conservar en lugar fresco.",PASS,Etiqueta conforme. Alérgenos declarados y resaltados.
OCR-9365,2026-09-07 08:24:00,BAT-5095,PROD_01,GLUTEN,GLUTEN,"INGREDIENTES: Harina de trigo, azúcar, aceites vegetales. Contiene: GLUTEN. Conservar en lugar fresco.",PASS,Etiqueta conforme. Alérgenos declarados y resaltados.
OCR-9366,2026-09-07 08:18:00,BAT-5095,PROD_01,GLUTEN,GLUTEN,"INGREDIENTES: Harina de trigo, azúcar, aceites vegetales. Contiene: GLUTEN. Conservar en lugar fresco.",PASS,Etiqueta conforme. Alérgenos declarados y resaltados.
OCR-9367,2026-09-07 06:42:00,BAT-5095,PROD_01,GLUTEN,GLUTEN,"INGREDIENTES: Harina de trigo, azúcar, aceites vegetales. Contiene: GLUTEN. Conservar en lugar fresco.",PASS,Etiqueta conforme. Alérgenos declarados y resaltados.
OCR-9368,2026-09-07 08:37:00,BAT-5095,PROD_01,GLUTEN,GLUTEN,"INGREDIENTES: Harina de trigo, azúcar, aceites vegetales. Contiene: GLUTEN. Conservar en lugar fresco.",PASS,Etiqueta conforme. Alérgenos declarados y resaltados.
OCR-9369,2026-09-07 07:26:00,BAT-5095,PROD_01,GLUTEN,GLUTEN,"INGREDIENTES: Harina de trigo, azúcar, aceites vegetales. Contiene: GLUTEN. Conservar en lugar fresco.",PASS,Etiqueta conforme. Alérgenos declarados y resaltados.
OCR-9370,2026-09-07 12:51:00,BAT-5096,PROD_06,"GLUTEN,LECHE,HUEVO","GLUTEN,LECHE,HUEVO","INGREDIENTES: Harina de trigo, azúcar, aceites vegetales. Contiene: GLUTEN, LECHE, HUEVO. Conservar en lugar fresco.",PASS,Etiqueta conforme. Alérgenos declarados y resaltados.
OCR-9371,2026-09-07 12:12:00,BAT-5096,PROD_06,"GLUTEN,LECHE,HUEVO","GLUTEN,LECHE,HUEVO","INGREDIENTES: Harina de trigo, azúcar, aceites vegetales. Contiene: GLUTEN, LECHE, HUEVO. Conservar en lugar fresco.",PASS,Etiqueta conforme. Alérgenos declarados y resaltados.
OCR-9372,2026-09-07 11:57:00,BAT-5096,PROD_06,"GLUTEN,LECHE,HUEVO","GLUTEN,LECHE,HUEVO","INGREDIENTES: Harina de trigo, azúcar, aceites vegetales. Contiene: GLUTEN, LECHE, HUEVO. Conservar en lugar fresco.",PASS,Etiqueta conforme. Alérgenos declarados y resaltados.
OCR-9373,2026-09-07 12:23:00,BAT-5096,PROD_06,"GLUTEN,LECHE,HUEVO","GLUTEN,LECHE,HUEVO","INGREDIENTES: Harina de trigo, azúcar, aceites vegetales. Contiene: GLUTEN, LECHE, HUEVO. Conservar en lugar fresco.",PASS,Etiqueta conforme. Alérgenos declarados y resaltados.
OCR-9374,2026-09-07 10:43:00,BAT-5096,PROD_06,"GLUTEN,LECHE,HUEVO","GLUTEN,LECHE,HUEVO","INGREDIENTES: Harina de trigo, azúcar, aceites vegetales. Contiene: GLUTEN, LECHE, HUEVO. Conservar en lugar fresco.",PASS,Etiqueta conforme. Alérgenos declarados y resaltados.
OCR-9375,2026-09-07 17:10:00,BAT-5097,PROD_03,"GLUTEN,LECHE,SOJA","GLUTEN,LECHE,SOJA","INGREDIENTES: Harina de trigo, azúcar, aceites vegetales. Contiene: GLUTEN, LECHE, SOJA. Conservar en lugar fresco.",PASS,Etiqueta conforme. Alérgenos declarados y resaltados.
OCR-9376,2026-09-07 15:21:00,BAT-5097,PROD_03,"GLUTEN,LECHE,SOJA","GLUTEN,LECHE,SOJA","INGREDIENTES: Harina de trigo, azúcar, aceites vegetales. Contiene: GLUTEN, LECHE, SOJA. Conservar en lugar fresco.",PASS,Etiqueta conforme. Alérgenos declarados y resaltados.
OCR-9377,2026-09-07 14:41:00,BAT-5097,PROD_03,"GLUTEN,LECHE,SOJA","GLUTEN,LECHE,SOJA","INGREDIENTES: Harina de trigo, azúcar, aceites vegetales. Contiene: GLUTEN, LECHE, SOJA. Conservar en lugar fresco.",PASS,Etiqueta conforme. Alérgenos declarados y resaltados.
OCR-9378,2026-09-07 16:19:00,BAT-5097,PROD_03,"GLUTEN,LECHE,SOJA","GLUTEN,LECHE,SOJA","INGREDIENTES: Harina de trigo, azúcar, aceites vegetales. Contiene: GLUTEN, LECHE, SOJA. Conservar en lugar fresco.",PASS,Etiqueta conforme. Alérgenos declarados y resaltados.
OCR-9379,2026-09-07 14:12:00,BAT-5097,PROD_03,"GLUTEN,LECHE,SOJA","GLUTEN,LECHE,SOJA","INGREDIENTES: Harina de trigo, azúcar, aceites vegetales. Contiene: GLUTEN, LECHE, SOJA. Conservar en lugar fresco.",PASS,Etiqueta conforme. Alérgenos declarados y resaltados.
OCR-9380,2026-09-07 19:01:00,BAT-5098,PROD_04,"GLUTEN,LECHE,SOJA,AVELLANA","GLUTEN,LECHE,SOJA,AVELLANA","INGREDIENTES: Harina de trigo, azúcar, aceites vegetales. Contiene: GLUTEN, LECHE, SOJA, AVELLANA. Conservar en lugar fresco.",PASS,Etiqueta conforme. Alérgenos declarados y resaltados.
OCR-9381,2026-09-07 20:05:00,BAT-5098,PROD_04,"GLUTEN,LECHE,SOJA,AVELLANA","GLUTEN,LECHE,SOJA,AVELLANA","INGREDIENTES: Harina de trigo, azúcar, aceites vegetales. Contiene: GLUTEN, LECHE, SOJA, AVELLANA. Conservar en lugar fresco.",PASS,Etiqueta conforme. Alérgenos declarados y resaltados.
OCR-9382,2026-09-07 22:07:00,BAT-5098,PROD_04,"GLUTEN,LECHE,SOJA,AVELLANA","GLUTEN,LECHE,SOJA,AVELLANA","INGREDIENTES: Harina de trigo, azúcar, aceites vegetales. Contiene: GLUTEN, LECHE, SOJA, AVELLANA. Conservar en lugar fresco.",PASS,Etiqueta conforme. Alérgenos declarados y resaltados.
OCR-9383,2026-09-08 08:50:00,BAT-5099,PROD_01,GLUTEN,GLUTEN,"INGREDIENTES: Harina de trigo, azúcar, aceites vegetales. Contiene: GLUTEN. Conservar en lugar fresco.",PASS,Etiqueta conforme. Alérgenos declarados y resaltados.
OCR-9384,2026-09-08 07:24:00,BAT-5099,PROD_01,GLUTEN,GLUTEN,"INGREDIENTES: Harina de trigo, azúcar, aceites vegetales. Contiene: GLUTEN. Conservar en lugar fresco.",PASS,Etiqueta conforme. Alérgenos declarados y resaltados.
OCR-9385,2026-09-08 08:26:00,BAT-5099,PROD_01,GLUTEN,GLUTEN,"INGREDIENTES: Harina de trigo, azúcar, aceites vegetales. Contiene: GLUTEN. Conservar en lugar fresco.",PASS,Etiqueta conforme. Alérgenos declarados y resaltados.
OCR-9386,2026-09-08 08:05:00,BAT-5099,PROD_01,GLUTEN,GLUTEN,"INGREDIENTES: Harina de trigo, azúcar, aceites vegetales. Contiene: GLUTEN. Conservar en lugar fresco.",PASS,Etiqueta conforme. Alérgenos declarados y resaltados.
OCR-9387,2026-09-08 14:44:00,BAT-5100,PROD_06,"GLUTEN,LECHE,HUEVO","GLUTEN,LECHE,HUEVO","INGREDIENTES: Harina de trigo, azúcar, aceites vegetales. Contiene: GLUTEN, LECHE, HUEVO. Conservar en lugar fresco.",PASS,Etiqueta conforme. Alérgenos declarados y resaltados.
OCR-9388,2026-09-08 13:12:00,BAT-5100,PROD_06,"GLUTEN,LECHE,HUEVO","GLUTEN,LECHE,HUEVO","INGREDIENTES: Harina de trigo, azúcar, aceites vegetales. Contiene: GLUTEN, LECHE, HUEVO. Conservar en lugar fresco.",PASS,Etiqueta conforme. Alérgenos declarados y resaltados.
OCR-9389,2026-09-08 13:57:00,BAT-5100,PROD_06,"GLUTEN,LECHE,HUEVO",,"INGREDIENTES: Harina de trigo, azúcar, aceites vegetales. Contiene: . Conservar en lugar fresco.",FAIL_OCR_UNREADABLE,Error de lectura OCR: Código de barras o texto borroso.
OCR-9390,2026-09-08 11:03:00,BAT-5100,PROD_06,"GLUTEN,LECHE,HUEVO","GLUTEN,LECHE,HUEVO","INGREDIENTES: Harina de trigo, azúcar, aceites vegetales. Contiene: GLUTEN, LECHE, HUEVO. Conservar en lugar fresco.",PASS,Etiqueta conforme. Alérgenos declarados y resaltados.
OCR-9391,2026-09-08 13:09:00,BAT-5100,PROD_06,"GLUTEN,LECHE,HUEVO","GLUTEN,LECHE","INGREDIENTES: Harina de trigo, azúcar, aceites vegetales. Contiene: GLUTEN, LECHE. Conservar en lugar fresco.",FAIL_MISSING_ALLERGEN,ALERTA: Faltan alérgenos obligatorios en el texto impreso.
OCR-9392,2026-09-08 17:09:00,BAT-5101,PROD_03,"GLUTEN,LECHE,SOJA","GLUTEN,LECHE,SOJA","INGREDIENTES: Harina de trigo, azúcar, aceites vegetales. Contiene: GLUTEN, LECHE, SOJA. Conservar en lugar fresco.",PASS,Etiqueta conforme. Alérgenos declarados y resaltados.
OCR-9393,2026-09-08 15:56:00,BAT-5101,PROD_03,"GLUTEN,LECHE,SOJA","GLUTEN,LECHE,SOJA","INGREDIENTES: Harina de trigo, azúcar, aceites vegetales. Contiene: GLUTEN, LECHE, SOJA. Conservar en lugar fresco.",PASS,Etiqueta conforme. Alérgenos declarados y resaltados.
OCR-9394,2026-09-08 17:45:00,BAT-5101,PROD_03,"GLUTEN,LECHE,SOJA","GLUTEN,LECHE,SOJA","INGREDIENTES: Harina de trigo, azúcar, aceites vegetales. Contiene: GLUTEN, LECHE, SOJA. Conservar en lugar fresco.",PASS,Etiqueta conforme. Alérgenos declarados y resaltados.
OCR-9395,2026-09-08 17:32:00,BAT-5101,PROD_03,"GLUTEN,LECHE,SOJA","GLUTEN,LECHE,SOJA","INGREDIENTES: Harina de trigo, azúcar, aceites vegetales. Contiene: GLUTEN, LECHE, SOJA. Conservar en lugar fresco.",PASS,Etiqueta conforme. Alérgenos declarados y resaltados.
OCR-9396,2026-09-08 09:48:00,BAT-5102,PROD_03,"GLUTEN,LECHE,SOJA","GLUTEN,LECHE,SOJA","INGREDIENTES: Harina de trigo, azúcar, aceites vegetales. Contiene: GLUTEN, LECHE, SOJA. Conservar en lugar fresco.",PASS,Etiqueta conforme. Alérgenos declarados y resaltados.
OCR-9397,2026-09-08 09:42:00,BAT-5102,PROD_03,"GLUTEN,LECHE,SOJA","GLUTEN,LECHE,SOJA","INGREDIENTES: Harina de trigo, azúcar, aceites vegetales. Contiene: GLUTEN, LECHE, SOJA. Conservar en lugar fresco.",PASS,Etiqueta conforme. Alérgenos declarados y resaltados.
OCR-9398,2026-09-08 09:01:00,BAT-5102,PROD_03,"GLUTEN,LECHE,SOJA","GLUTEN,LECHE,SOJA","INGREDIENTES: Harina de trigo, azúcar, aceites vegetales. Contiene: GLUTEN, LECHE, SOJA. Conservar en lugar fresco.",PASS,Etiqueta conforme. Alérgenos declarados y resaltados.
OCR-9399,2026-09-08 10:10:00,BAT-5102,PROD_03,"GLUTEN,LECHE,SOJA","GLUTEN,LECHE,SOJA","INGREDIENTES: Harina de trigo, azúcar, aceites vegetales. Contiene: GLUTEN, LECHE, SOJA. Conservar en lugar fresco.",PASS,Etiqueta conforme. Alérgenos declarados y resaltados.
OCR-9400,2026-09-08 09:20:00,BAT-5102,PROD_03,"GLUTEN,LECHE,SOJA","GLUTEN,LECHE,SOJA","INGREDIENTES: Harina de trigo, azúcar, aceites vegetales. Contiene: GLUTEN, LECHE, SOJA. Conservar en lugar fresco.",PASS,Etiqueta conforme. Alérgenos declarados y resaltados.
OCR-9401,2026-09-08 13:26:00,BAT-5103,PROD_05,"GLUTEN,CACAHUETE,SOJA","GLUTEN,CACAHUETE,SOJA","INGREDIENTES: Harina de trigo, azúcar, aceites vegetales. Contiene: GLUTEN, CACAHUETE, SOJA. Conservar en lugar fresco.",PASS,Etiqueta conforme. Alérgenos declarados y resaltados.
OCR-9402,2026-09-08 13:49:00,BAT-5103,PROD_05,"GLUTEN,CACAHUETE,SOJA","GLUTEN,CACAHUETE,SOJA","INGREDIENTES: Harina de trigo, azúcar, aceites vegetales. Contiene: GLUTEN, CACAHUETE, SOJA. Conservar en lugar fresco.",PASS,Etiqueta conforme. Alérgenos declarados y resaltados.
OCR-9403,2026-09-08 12:54:00,BAT-5103,PROD_05,"GLUTEN,CACAHUETE,SOJA","GLUTEN,CACAHUETE,SOJA","INGREDIENTES: Harina de trigo, azúcar, aceites vegetales. Contiene: GLUTEN, CACAHUETE, SOJA. Conservar en lugar fresco.",PASS,Etiqueta conforme. Alérgenos declarados y resaltados.
OCR-9404,2026-09-08 15:38:00,BAT-5104,PROD_04,"GLUTEN,LECHE,SOJA,AVELLANA","GLUTEN,LECHE,SOJA,AVELLANA","INGREDIENTES: Harina de trigo, azúcar, aceites vegetales. Contiene: GLUTEN, LECHE, SOJA, AVELLANA. Conservar en lugar fresco.",PASS,Etiqueta conforme. Alérgenos declarados y resaltados.
OCR-9405,2026-09-08 15:24:00,BAT-5104,PROD_04,"GLUTEN,LECHE,SOJA,AVELLANA","GLUTEN,LECHE,SOJA,AVELLANA","INGREDIENTES: Harina de trigo, azúcar, aceites vegetales. Contiene: GLUTEN, LECHE, SOJA, AVELLANA. Conservar en lugar fresco.",PASS,Etiqueta conforme. Alérgenos declarados y resaltados.
OCR-9406,2026-09-08 15:44:00,BAT-5104,PROD_04,"GLUTEN,LECHE,SOJA,AVELLANA","GLUTEN,LECHE,SOJA,AVELLANA","INGREDIENTES: Harina de trigo, azúcar, aceites vegetales. Contiene: GLUTEN, LECHE, SOJA, AVELLANA. Conservar en lugar fresco.",PASS,Etiqueta conforme. Alérgenos declarados y resaltados.
OCR-9407,2026-09-08 16:24:00,BAT-5104,PROD_04,"GLUTEN,LECHE,SOJA,AVELLANA","GLUTEN,LECHE,SOJA,AVELLANA","INGREDIENTES: Harina de trigo, azúcar, aceites vegetales. Contiene: GLUTEN, LECHE, SOJA, AVELLANA. Conservar en lugar fresco.",PASS,Etiqueta conforme. Alérgenos declarados y resaltados.
OCR-9408,2026-09-08 09:00:00,BAT-5105,PROD_02,"GLUTEN,SÉSAMO","GLUTEN,SÉSAMO","INGREDIENTES: Harina de trigo, azúcar, aceites vegetales. Contiene: GLUTEN, SÉSAMO. Conservar en lugar fresco.",PASS,Etiqueta conforme. Alérgenos declarados y resaltados.
OCR-9409,2026-09-08 08:56:00,BAT-5105,PROD_02,"GLUTEN,SÉSAMO","GLUTEN,SÉSAMO","INGREDIENTES: Harina de trigo, azúcar, aceites vegetales. Contiene: GLUTEN, SÉSAMO. Conservar en lugar fresco.",PASS,Etiqueta conforme. Alérgenos declarados y resaltados.
OCR-9410,2026-09-08 06:49:00,BAT-5105,PROD_02,"GLUTEN,SÉSAMO","GLUTEN,SÉSAMO","INGREDIENTES: Harina de trigo, azúcar, aceites vegetales. Contiene: GLUTEN, SÉSAMO. Conservar en lugar fresco.",PASS,Etiqueta conforme. Alérgenos declarados y resaltados.
OCR-9411,2026-09-08 08:50:00,BAT-5105,PROD_02,"GLUTEN,SÉSAMO","GLUTEN,SÉSAMO","INGREDIENTES: Harina de trigo, azúcar, aceites vegetales. Contiene: GLUTEN, SÉSAMO. Conservar en lugar fresco.",PASS,Etiqueta conforme. Alérgenos declarados y resaltados.
OCR-9412,2026-09-08 14:35:00,BAT-5106,PROD_05,"GLUTEN,CACAHUETE,SOJA","GLUTEN,CACAHUETE,SOJA","INGREDIENTES: Harina de trigo, azúcar, aceites vegetales. Contiene: GLUTEN, CACAHUETE, SOJA. Conservar en lugar fresco.",PASS,Etiqueta conforme. Alérgenos declarados y resaltados.
OCR-9413,2026-09-08 14:13:00,BAT-5106,PROD_05,"GLUTEN,CACAHUETE,SOJA","GLUTEN,CACAHUETE,SOJA","INGREDIENTES: Harina de trigo, azúcar, aceites vegetales. Contiene: GLUTEN, CACAHUETE, SOJA. Conservar en lugar fresco.",PASS,Etiqueta conforme. Alérgenos declarados y resaltados.
OCR-9414,2026-09-08 11:54:00,BAT-5106,PROD_05,"GLUTEN,CACAHUETE,SOJA","GLUTEN,CACAHUETE,SOJA","INGREDIENTES: Harina de trigo, azúcar, aceites vegetales. Contiene: GLUTEN, CACAHUETE, SOJA. Conservar en lugar fresco.",PASS,Etiqueta conforme. Alérgenos declarados y resaltados.
OCR-9415,2026-09-08 19:40:00,BAT-5107,PROD_04,"GLUTEN,LECHE,SOJA,AVELLANA","GLUTEN,LECHE,SOJA,AVELLANA","INGREDIENTES: Harina de trigo, azúcar, aceites vegetales. Contiene: GLUTEN, LECHE, SOJA, AVELLANA. Conservar en lugar fresco.",PASS,Etiqueta conforme. Alérgenos declarados y resaltados.
OCR-9416,2026-09-08 17:18:00,BAT-5107,PROD_04,"GLUTEN,LECHE,SOJA,AVELLANA","GLUTEN,LECHE,SOJA,AVELLANA","INGREDIENTES: Harina de trigo, azúcar, aceites vegetales. Contiene: GLUTEN, LECHE, SOJA, AVELLANA. Conservar en lugar fresco.",PASS,Etiqueta conforme. Alérgenos declarados y resaltados.
OCR-9417,2026-09-08 19:04:00,BAT-5107,PROD_04,"GLUTEN,LECHE,SOJA,AVELLANA","GLUTEN,LECHE,SOJA,AVELLANA","INGREDIENTES: Harina de trigo, azúcar, aceites vegetales. Contiene: GLUTEN, LECHE, SOJA, AVELLANA. Conservar en lugar fresco.",PASS,Etiqueta conforme. Alérgenos declarados y resaltados.
OCR-9418,2026-09-08 06:36:00,BAT-5108,PROD_01,GLUTEN,GLUTEN,"INGREDIENTES: Harina de trigo, azúcar, aceites vegetales. Contiene: GLUTEN. Conservar en lugar fresco.",PASS,Etiqueta conforme. Alérgenos declarados y resaltados.
OCR-9419,2026-09-08 06:59:00,BAT-5108,PROD_01,GLUTEN,GLUTEN,"INGREDIENTES: Harina de trigo, azúcar, aceites vegetales. Contiene: GLUTEN. Conservar en lugar fresco.",PASS,Etiqueta conforme. Alérgenos declarados y resaltados.
OCR-9420,2026-09-08 09:16:00,BAT-5108,PROD_01,GLUTEN,GLUTEN,"INGREDIENTES: Harina de trigo, azúcar, aceites vegetales. Contiene: GLUTEN. Conservar en lugar fresco.",PASS,Etiqueta conforme. Alérgenos declarados y resaltados.
OCR-9421,2026-09-08 08:07:00,BAT-5108,PROD_01,GLUTEN,GLUTEN,"INGREDIENTES: Harina de trigo, azúcar, aceites vegetales. Contiene: GLUTEN. Conservar en lugar fresco.",PASS,Etiqueta conforme. Alérgenos declarados y resaltados.
OCR-9422,2026-09-08 08:51:00,BAT-5108,PROD_01,GLUTEN,GLUTEN,"INGREDIENTES: Harina de trigo, azúcar, aceites vegetales. Contiene: GLUTEN. Conservar en lugar fresco.",PASS,Etiqueta conforme. Alérgenos declarados y resaltados.
OCR-9423,2026-09-08 12:14:00,BAT-5109,PROD_06,"GLUTEN,LECHE,HUEVO","GLUTEN,LECHE,HUEVO","INGREDIENTES: Harina de trigo, azúcar, aceites vegetales. Contiene: GLUTEN, LECHE, HUEVO. Conservar en lugar fresco.",PASS,Etiqueta conforme. Alérgenos declarados y resaltados.
OCR-9424,2026-09-08 12:01:00,BAT-5109,PROD_06,"GLUTEN,LECHE,HUEVO","GLUTEN,LECHE,HUEVO","INGREDIENTES: Harina de trigo, azúcar, aceites vegetales. Contiene: GLUTEN, LECHE, HUEVO. Conservar en lugar fresco.",PASS,Etiqueta conforme. Alérgenos declarados y resaltados.
OCR-9425,2026-09-08 10:48:00,BAT-5109,PROD_06,"GLUTEN,LECHE,HUEVO","GLUTEN,LECHE,HUEVO","INGREDIENTES: Harina de trigo, azúcar, aceites vegetales. Contiene: GLUTEN, LECHE, HUEVO. Conservar en lugar fresco.",PASS,Etiqueta conforme. Alérgenos declarados y resaltados.
OCR-9426,2026-09-08 13:20:00,BAT-5109,PROD_06,"GLUTEN,LECHE,HUEVO","GLUTEN,LECHE,HUEVO","INGREDIENTES: Harina de trigo, azúcar, aceites vegetales. Contiene: GLUTEN, LECHE, HUEVO. Conservar en lugar fresco.",PASS,Etiqueta conforme. Alérgenos declarados y resaltados.
OCR-9427,2026-09-08 17:17:00,BAT-5110,PROD_04,"GLUTEN,LECHE,SOJA,AVELLANA","GLUTEN,LECHE,SOJA,AVELLANA","INGREDIENTES: Harina de trigo, azúcar, aceites vegetales. Contiene: GLUTEN, LECHE, SOJA, AVELLANA. Conservar en lugar fresco.",PASS,Etiqueta conforme. Alérgenos declarados y resaltados.
OCR-9428,2026-09-08 16:07:00,BAT-5110,PROD_04,"GLUTEN,LECHE,SOJA,AVELLANA","GLUTEN,LECHE,SOJA,AVELLANA","INGREDIENTES: Harina de trigo, azúcar, aceites vegetales. Contiene: GLUTEN, LECHE, SOJA, AVELLANA. Conservar en lugar fresco.",PASS,Etiqueta conforme. Alérgenos declarados y resaltados.
OCR-9429,2026-09-08 17:43:00,BAT-5110,PROD_04,"GLUTEN,LECHE,SOJA,AVELLANA","GLUTEN,LECHE,SOJA","INGREDIENTES: Harina de trigo, azúcar, aceites vegetales. Contiene: GLUTEN, LECHE, SOJA. Conservar en lugar fresco.",FAIL_MISSING_ALLERGEN,ALERTA: Faltan alérgenos obligatorios en el texto impreso.
OCR-9430,2026-09-09 07:20:00,BAT-5111,PROD_01,GLUTEN,GLUTEN,"INGREDIENTES: Harina de trigo, azúcar, aceites vegetales. Contiene: GLUTEN. Conservar en lugar fresco.",PASS,Etiqueta conforme. Alérgenos declarados y resaltados.
OCR-9431,2026-09-09 10:44:00,BAT-5111,PROD_01,GLUTEN,GLUTEN,"INGREDIENTES: Harina de trigo, azúcar, aceites vegetales. Contiene: GLUTEN. Conservar en lugar fresco.",PASS,Etiqueta conforme. Alérgenos declarados y resaltados.
OCR-9432,2026-09-09 09:51:00,BAT-5111,PROD_01,GLUTEN,GLUTEN,"INGREDIENTES: Harina de trigo, azúcar, aceites vegetales. Contiene: GLUTEN. Conservar en lugar fresco.",PASS,Etiqueta conforme. Alérgenos declarados y resaltados.
OCR-9433,2026-09-09 06:24:00,BAT-5111,PROD_01,GLUTEN,GLUTEN,"INGREDIENTES: Harina de trigo, azúcar, aceites vegetales. Contiene: GLUTEN. Conservar en lugar fresco.",PASS,Etiqueta conforme. Alérgenos declarados y resaltados.
OCR-9434,2026-09-09 13:02:00,BAT-5112,PROD_05,"GLUTEN,CACAHUETE,SOJA","GLUTEN,CACAHUETE","INGREDIENTES: Harina de trigo, azúcar, aceites vegetales. Contiene: GLUTEN, CACAHUETE. Conservar en lugar fresco.",FAIL_MISSING_ALLERGEN,ALERTA: Faltan alérgenos obligatorios en el texto impreso.
OCR-9435,2026-09-09 13:39:00,BAT-5112,PROD_05,"GLUTEN,CACAHUETE,SOJA","GLUTEN,CACAHUETE,SOJA","INGREDIENTES: Harina de trigo, azúcar, aceites vegetales. Contiene: GLUTEN, CACAHUETE, SOJA. Conservar en lugar fresco.",PASS,Etiqueta conforme. Alérgenos declarados y resaltados.
OCR-9436,2026-09-09 12:10:00,BAT-5112,PROD_05,"GLUTEN,CACAHUETE,SOJA","GLUTEN,CACAHUETE,SOJA","INGREDIENTES: Harina de trigo, azúcar, aceites vegetales. Contiene: GLUTEN, CACAHUETE, SOJA. Conservar en lugar fresco.",PASS,Etiqueta conforme. Alérgenos declarados y resaltados.
OCR-9437,2026-09-09 17:04:00,BAT-5113,PROD_03,"GLUTEN,LECHE,SOJA","GLUTEN,LECHE,SOJA","INGREDIENTES: Harina de trigo, azúcar, aceites vegetales. Contiene: GLUTEN, LECHE, SOJA. Conservar en lugar fresco.",PASS,Etiqueta conforme. Alérgenos declarados y resaltados.
OCR-9438,2026-09-09 18:04:00,BAT-5113,PROD_03,"GLUTEN,LECHE,SOJA","GLUTEN,LECHE,SOJA","INGREDIENTES: Harina de trigo, azúcar, aceites vegetales. Contiene: GLUTEN, LECHE, SOJA. Conservar en lugar fresco.",PASS,Etiqueta conforme. Alérgenos declarados y resaltados.
OCR-9439,2026-09-09 15:04:00,BAT-5113,PROD_03,"GLUTEN,LECHE,SOJA","GLUTEN,LECHE,SOJA","INGREDIENTES: Harina de trigo, azúcar, aceites vegetales. Contiene: GLUTEN, LECHE, SOJA. Conservar en lugar fresco.",PASS,Etiqueta conforme. Alérgenos declarados y resaltados.
OCR-9440,2026-09-09 07:27:00,BAT-5114,PROD_01,GLUTEN,GLUTEN,"INGREDIENTES: Harina de trigo, azúcar, aceites vegetales. Contiene: GLUTEN. Conservar en lugar fresco.",PASS,Etiqueta conforme. Alérgenos declarados y resaltados.
OCR-9441,2026-09-09 09:35:00,BAT-5114,PROD_01,GLUTEN,GLUTEN,"INGREDIENTES: Harina de trigo, azúcar, aceites vegetales. Contiene: GLUTEN. Conservar en lugar fresco.",PASS,Etiqueta conforme. Alérgenos declarados y resaltados.
OCR-9442,2026-09-09 08:31:00,BAT-5114,PROD_01,GLUTEN,GLUTEN,"INGREDIENTES: Harina de trigo, azúcar, aceites vegetales. Contiene: GLUTEN. Conservar en lugar fresco.",PASS,Etiqueta conforme. Alérgenos declarados y resaltados.
OCR-9443,2026-09-09 09:42:00,BAT-5114,PROD_01,GLUTEN,GLUTEN,"INGREDIENTES: Harina de trigo, azúcar, aceites vegetales. Contiene: GLUTEN. Conservar en lugar fresco.",PASS,Etiqueta conforme. Alérgenos declarados y resaltados.
OCR-9444,2026-09-09 07:04:00,BAT-5114,PROD_01,GLUTEN,GLUTEN,"INGREDIENTES: Harina de trigo, azúcar, aceites vegetales. Contiene: GLUTEN. Conservar en lugar fresco.",PASS,Etiqueta conforme. Alérgenos declarados y resaltados.
OCR-9445,2026-09-09 14:31:00,BAT-5115,PROD_03,"GLUTEN,LECHE,SOJA","GLUTEN,LECHE,SOJA","INGREDIENTES: Harina de trigo, azúcar, aceites vegetales. Contiene: GLUTEN, LECHE, SOJA. Conservar en lugar fresco.",PASS,Etiqueta conforme. Alérgenos declarados y resaltados.
OCR-9446,2026-09-09 13:50:00,BAT-5115,PROD_03,"GLUTEN,LECHE,SOJA","GLUTEN,LECHE,SOJA","INGREDIENTES: Harina de trigo, azúcar, aceites vegetales. Contiene: GLUTEN, LECHE, SOJA. Conservar en lugar fresco.",PASS,Etiqueta conforme. Alérgenos declarados y resaltados.
OCR-9447,2026-09-09 14:09:00,BAT-5115,PROD_03,"GLUTEN,LECHE,SOJA","GLUTEN,LECHE","INGREDIENTES: Harina de trigo, azúcar, aceites vegetales. Contiene: GLUTEN, LECHE. Conservar en lugar fresco.",FAIL_MISSING_ALLERGEN,ALERTA: Faltan alérgenos obligatorios en el texto impreso.
OCR-9448,2026-09-09 12:17:00,BAT-5115,PROD_03,"GLUTEN,LECHE,SOJA","GLUTEN,LECHE,SOJA","INGREDIENTES: Harina de trigo, azúcar, aceites vegetales. Contiene: GLUTEN, LECHE, SOJA. Conservar en lugar fresco.",PASS,Etiqueta conforme. Alérgenos declarados y resaltados.
OCR-9449,2026-09-09 16:08:00,BAT-5116,PROD_05,"GLUTEN,CACAHUETE,SOJA","GLUTEN,CACAHUETE,SOJA","INGREDIENTES: Harina de trigo, azúcar, aceites vegetales. Contiene: GLUTEN, CACAHUETE, SOJA. Conservar en lugar fresco.",PASS,Etiqueta conforme. Alérgenos declarados y resaltados.
OCR-9450,2026-09-09 17:30:00,BAT-5116,PROD_05,"GLUTEN,CACAHUETE,SOJA","GLUTEN,CACAHUETE,SOJA","INGREDIENTES: Harina de trigo, azúcar, aceites vegetales. Contiene: GLUTEN, CACAHUETE, SOJA. Conservar en lugar fresco.",PASS,Etiqueta conforme. Alérgenos declarados y resaltados.
OCR-9451,2026-09-09 16:21:00,BAT-5116,PROD_05,"GLUTEN,CACAHUETE,SOJA","GLUTEN,CACAHUETE,SOJA","INGREDIENTES: Harina de trigo, azúcar, aceites vegetales. Contiene: GLUTEN, CACAHUETE, SOJA. Conservar en lugar fresco.",PASS,Etiqueta conforme. Alérgenos declarados y resaltados.
OCR-9452,2026-09-09 18:07:00,BAT-5116,PROD_05,"GLUTEN,CACAHUETE,SOJA","GLUTEN,CACAHUETE,SOJA","INGREDIENTES: Harina de trigo, azúcar, aceites vegetales. Contiene: GLUTEN, CACAHUETE, SOJA. Conservar en lugar fresco.",PASS,Etiqueta conforme. Alérgenos declarados y resaltados.
OCR-9453,2026-09-09 22:30:00,BAT-5117,PROD_04,"GLUTEN,LECHE,SOJA,AVELLANA","GLUTEN,LECHE,SOJA,AVELLANA","INGREDIENTES: Harina de trigo, azúcar, aceites vegetales. Contiene: GLUTEN, LECHE, SOJA, AVELLANA. Conservar en lugar fresco.",PASS,Etiqueta conforme. Alérgenos declarados y resaltados.
OCR-9454,2026-09-09 21:10:00,BAT-5117,PROD_04,"GLUTEN,LECHE,SOJA,AVELLANA","GLUTEN,LECHE,SOJA,AVELLANA","INGREDIENTES: Harina de trigo, azúcar, aceites vegetales. Contiene: GLUTEN, LECHE, SOJA, AVELLANA. Conservar en lugar fresco.",PASS,Etiqueta conforme. Alérgenos declarados y resaltados.
OCR-9455,2026-09-09 19:52:00,BAT-5117,PROD_04,"GLUTEN,LECHE,SOJA,AVELLANA","GLUTEN,LECHE,SOJA,AVELLANA","INGREDIENTES: Harina de trigo, azúcar, aceites vegetales. Contiene: GLUTEN, LECHE, SOJA, AVELLANA. Conservar en lugar fresco.",PASS,Etiqueta conforme. Alérgenos declarados y resaltados.
OCR-9456,2026-09-09 09:17:00,BAT-5118,PROD_01,GLUTEN,GLUTEN,"INGREDIENTES: Harina de trigo, azúcar, aceites vegetales. Contiene: GLUTEN. Conservar en lugar fresco.",PASS,Etiqueta conforme. Alérgenos declarados y resaltados.
OCR-9457,2026-09-09 09:37:00,BAT-5118,PROD_01,GLUTEN,GLUTEN,"INGREDIENTES: Harina de trigo, azúcar, aceites vegetales. Contiene: GLUTEN. Conservar en lugar fresco.",PASS,Etiqueta conforme. Alérgenos declarados y resaltados.
OCR-9458,2026-09-09 06:24:00,BAT-5118,PROD_01,GLUTEN,GLUTEN,"INGREDIENTES: Harina de trigo, azúcar, aceites vegetales. Contiene: GLUTEN. Conservar en lugar fresco.",PASS,Etiqueta conforme. Alérgenos declarados y resaltados.
OCR-9459,2026-09-09 11:10:00,BAT-5119,PROD_02,"GLUTEN,SÉSAMO","GLUTEN,SÉSAMO","INGREDIENTES: Harina de trigo, azúcar, aceites vegetales. Contiene: GLUTEN, SÉSAMO. Conservar en lugar fresco.",PASS,Etiqueta conforme. Alérgenos declarados y resaltados.
OCR-9460,2026-09-09 12:35:00,BAT-5119,PROD_02,"GLUTEN,SÉSAMO","GLUTEN,SÉSAMO","INGREDIENTES: Harina de trigo, azúcar, aceites vegetales. Contiene: GLUTEN, SÉSAMO. Conservar en lugar fresco.",PASS,Etiqueta conforme. Alérgenos declarados y resaltados.
OCR-9461,2026-09-09 10:36:00,BAT-5119,PROD_02,"GLUTEN,SÉSAMO","GLUTEN,SÉSAMO","INGREDIENTES: Harina de trigo, azúcar, aceites vegetales. Contiene: GLUTEN, SÉSAMO. Conservar en lugar fresco.",PASS,Etiqueta conforme. Alérgenos declarados y resaltados.
OCR-9462,2026-09-09 10:39:00,BAT-5119,PROD_02,"GLUTEN,SÉSAMO","GLUTEN,SÉSAMO","INGREDIENTES: Harina de trigo, azúcar, aceites vegetales. Contiene: GLUTEN, SÉSAMO. Conservar en lugar fresco.",PASS,Etiqueta conforme. Alérgenos declarados y resaltados.
OCR-9463,2026-09-09 11:13:00,BAT-5119,PROD_02,"GLUTEN,SÉSAMO","GLUTEN,SÉSAMO","INGREDIENTES: Harina de trigo, azúcar, aceites vegetales. Contiene: GLUTEN, SÉSAMO. Conservar en lugar fresco.",PASS,Etiqueta conforme. Alérgenos declarados y resaltados.
OCR-9464,2026-09-09 19:25:00,BAT-5120,PROD_06,"GLUTEN,LECHE,HUEVO","GLUTEN,LECHE,HUEVO","INGREDIENTES: Harina de trigo, azúcar, aceites vegetales. Contiene: GLUTEN, LECHE, HUEVO. Conservar en lugar fresco.",PASS,Etiqueta conforme. Alérgenos declarados y resaltados.
OCR-9465,2026-09-09 17:22:00,BAT-5120,PROD_06,"GLUTEN,LECHE,HUEVO","GLUTEN,LECHE,HUEVO","INGREDIENTES: Harina de trigo, azúcar, aceites vegetales. Contiene: GLUTEN, LECHE, HUEVO. Conservar en lugar fresco.",PASS,Etiqueta conforme. Alérgenos declarados y resaltados.
OCR-9466,2026-09-09 15:57:00,BAT-5120,PROD_06,"GLUTEN,LECHE,HUEVO","GLUTEN,LECHE,HUEVO","INGREDIENTES: Harina de trigo, azúcar, aceites vegetales. Contiene: GLUTEN, LECHE, HUEVO. Conservar en lugar fresco.",PASS,Etiqueta conforme. Alérgenos declarados y resaltados.
OCR-9467,2026-09-09 18:29:00,BAT-5120,PROD_06,"GLUTEN,LECHE,HUEVO","GLUTEN,LECHE,HUEVO","INGREDIENTES: Harina de trigo, azúcar, aceites vegetales. Contiene: GLUTEN, LECHE, HUEVO. Conservar en lugar fresco.",PASS,Etiqueta conforme. Alérgenos declarados y resaltados.
OCR-9468,2026-09-09 18:49:00,BAT-5120,PROD_06,"GLUTEN,LECHE,HUEVO","GLUTEN,LECHE,HUEVO","INGREDIENTES: Harina de trigo, azúcar, aceites vegetales. Contiene: GLUTEN, LECHE, HUEVO. Conservar en lugar fresco.",PASS,Etiqueta conforme. Alérgenos declarados y resaltados.
OCR-9469,2026-09-09 22:32:00,BAT-5121,PROD_04,"GLUTEN,LECHE,SOJA,AVELLANA","GLUTEN,LECHE,SOJA,AVELLANA","INGREDIENTES: Harina de trigo, azúcar, aceites vegetales. Contiene: GLUTEN, LECHE, SOJA, AVELLANA. Conservar en lugar fresco.",PASS,Etiqueta conforme. Alérgenos declarados y resaltados.
OCR-9470,2026-09-09 22:26:00,BAT-5121,PROD_04,"GLUTEN,LECHE,SOJA,AVELLANA","GLUTEN,LECHE,SOJA,AVELLANA","INGREDIENTES: Harina de trigo, azúcar, aceites vegetales. Contiene: GLUTEN, LECHE, SOJA, AVELLANA. Conservar en lugar fresco.",PASS,Etiqueta conforme. Alérgenos declarados y resaltados.
OCR-9471,2026-09-09 23:18:00,BAT-5121,PROD_04,"GLUTEN,LECHE,SOJA,AVELLANA","GLUTEN,LECHE,SOJA,AVELLANA","INGREDIENTES: Harina de trigo, azúcar, aceites vegetales. Contiene: GLUTEN, LECHE, SOJA, AVELLANA. Conservar en lugar fresco.",PASS,Etiqueta conforme. Alérgenos declarados y resaltados.
OCR-9472,2026-09-09 22:04:00,BAT-5121,PROD_04,"GLUTEN,LECHE,SOJA,AVELLANA","GLUTEN,LECHE,SOJA,AVELLANA","INGREDIENTES: Harina de trigo, azúcar, aceites vegetales. Contiene: GLUTEN, LECHE, SOJA, AVELLANA. Conservar en lugar fresco.",PASS,Etiqueta conforme. Alérgenos declarados y resaltados.
OCR-9473,2026-09-09 21:45:00,BAT-5121,PROD_04,"GLUTEN,LECHE,SOJA,AVELLANA","GLUTEN,LECHE,SOJA,AVELLANA","INGREDIENTES: Harina de trigo, azúcar, aceites vegetales. Contiene: GLUTEN, LECHE, SOJA, AVELLANA. Conservar en lugar fresco.",PASS,Etiqueta conforme. Alérgenos declarados y resaltados.
OCR-9474,2026-09-09 06:32:00,BAT-5122,PROD_01,GLUTEN,GLUTEN,"INGREDIENTES: Harina de trigo, azúcar, aceites vegetales. Contiene: GLUTEN. Conservar en lugar fresco.",PASS,Etiqueta conforme. Alérgenos declarados y resaltados.
OCR-9475,2026-09-09 06:41:00,BAT-5122,PROD_01,GLUTEN,GLUTEN,"INGREDIENTES: Harina de trigo, azúcar, aceites vegetales. Contiene: GLUTEN. Conservar en lugar fresco.",PASS,Etiqueta conforme. Alérgenos declarados y resaltados.
OCR-9476,2026-09-09 07:40:00,BAT-5122,PROD_01,GLUTEN,GLUTEN,"INGREDIENTES: Harina de trigo, azúcar, aceites vegetales. Contiene: GLUTEN. Conservar en lugar fresco.",PASS,Etiqueta conforme. Alérgenos declarados y resaltados.
OCR-9477,2026-09-09 07:45:00,BAT-5122,PROD_01,GLUTEN,GLUTEN,"INGREDIENTES: Harina de trigo, azúcar, aceites vegetales. Contiene: GLUTEN. Conservar en lugar fresco.",PASS,Etiqueta conforme. Alérgenos declarados y resaltados.
OCR-9478,2026-09-09 13:32:00,BAT-5123,PROD_02,"GLUTEN,SÉSAMO",,"INGREDIENTES: Harina de trigo, azúcar, aceites vegetales. Contiene: . Conservar en lugar fresco.",FAIL_OCR_UNREADABLE,Error de lectura OCR: Código de barras o texto borroso.
OCR-9479,2026-09-09 13:40:00,BAT-5123,PROD_02,"GLUTEN,SÉSAMO","GLUTEN,SÉSAMO","INGREDIENTES: Harina de trigo, azúcar, aceites vegetales. Contiene: GLUTEN, SÉSAMO. Conservar en lugar fresco.",PASS,Etiqueta conforme. Alérgenos declarados y resaltados.
OCR-9480,2026-09-09 10:44:00,BAT-5123,PROD_02,"GLUTEN,SÉSAMO","GLUTEN,SÉSAMO","INGREDIENTES: Harina de trigo, azúcar, aceites vegetales. Contiene: GLUTEN, SÉSAMO. Conservar en lugar fresco.",PASS,Etiqueta conforme. Alérgenos declarados y resaltados.
OCR-9481,2026-09-09 16:10:00,BAT-5124,PROD_06,"GLUTEN,LECHE,HUEVO","GLUTEN,LECHE,HUEVO","INGREDIENTES: Harina de trigo, azúcar, aceites vegetales. Contiene: GLUTEN, LECHE, HUEVO. Conservar en lugar fresco.",PASS,Etiqueta conforme. Alérgenos declarados y resaltados.
OCR-9482,2026-09-09 18:17:00,BAT-5124,PROD_06,"GLUTEN,LECHE,HUEVO","GLUTEN,LECHE,HUEVO","INGREDIENTES: Harina de trigo, azúcar, aceites vegetales. Contiene: GLUTEN, LECHE, HUEVO. Conservar en lugar fresco.",PASS,Etiqueta conforme. Alérgenos declarados y resaltados.
OCR-9483,2026-09-09 15:05:00,BAT-5124,PROD_06,"GLUTEN,LECHE,HUEVO","GLUTEN,LECHE,HUEVO","INGREDIENTES: Harina de trigo, azúcar, aceites vegetales. Contiene: GLUTEN, LECHE, HUEVO. Conservar en lugar fresco.",PASS,Etiqueta conforme. Alérgenos declarados y resaltados.
OCR-9484,2026-09-09 20:56:00,BAT-5125,PROD_04,"GLUTEN,LECHE,SOJA,AVELLANA",,"INGREDIENTES: Harina de trigo, azúcar, aceites vegetales. Contiene: . Conservar en lugar fresco.",FAIL_OCR_UNREADABLE,Error de lectura OCR: Código de barras o texto borroso.
OCR-9485,2026-09-09 21:34:00,BAT-5125,PROD_04,"GLUTEN,LECHE,SOJA,AVELLANA","GLUTEN,LECHE,SOJA,AVELLANA","INGREDIENTES: Harina de trigo, azúcar, aceites vegetales. Contiene: GLUTEN, LECHE, SOJA, AVELLANA. Conservar en lugar fresco.",PASS,Etiqueta conforme. Alérgenos declarados y resaltados.
OCR-9486,2026-09-09 19:24:00,BAT-5125,PROD_04,"GLUTEN,LECHE,SOJA,AVELLANA","GLUTEN,LECHE,SOJA,AVELLANA","INGREDIENTES: Harina de trigo, azúcar, aceites vegetales. Contiene: GLUTEN, LECHE, SOJA, AVELLANA. Conservar en lugar fresco.",PASS,Etiqueta conforme. Alérgenos declarados y resaltados.
OCR-9487,2026-09-09 20:03:00,BAT-5125,PROD_04,"GLUTEN,LECHE,SOJA,AVELLANA","GLUTEN,LECHE,SOJA,AVELLANA","INGREDIENTES: Harina de trigo, azúcar, aceites vegetales. Contiene: GLUTEN, LECHE, SOJA, AVELLANA. Conservar en lugar fresco.",PASS,Etiqueta conforme. Alérgenos declarados y resaltados.
OCR-9488,2026-09-09 22:34:00,BAT-5125,PROD_04,"GLUTEN,LECHE,SOJA,AVELLANA","GLUTEN,LECHE,SOJA,AVELLANA","INGREDIENTES: Harina de trigo, azúcar, aceites vegetales. Contiene: GLUTEN, LECHE, SOJA, AVELLANA. Conservar en lugar fresco.",PASS,Etiqueta conforme. Alérgenos declarados y resaltados.
OCR-9489,2026-09-10 06:57:00,BAT-5126,PROD_02,"GLUTEN,SÉSAMO","GLUTEN,SÉSAMO","INGREDIENTES: Harina de trigo, azúcar, aceites vegetales. Contiene: GLUTEN, SÉSAMO. Conservar en lugar fresco.",PASS,Etiqueta conforme. Alérgenos declarados y resaltados.
OCR-9490,2026-09-10 06:55:00,BAT-5126,PROD_02,"GLUTEN,SÉSAMO","GLUTEN,SÉSAMO","INGREDIENTES: Harina de trigo, azúcar, aceites vegetales. Contiene: GLUTEN, SÉSAMO. Conservar en lugar fresco.",PASS,Etiqueta conforme. Alérgenos declarados y resaltados.
OCR-9491,2026-09-10 07:47:00,BAT-5126,PROD_02,"GLUTEN,SÉSAMO","GLUTEN,SÉSAMO","INGREDIENTES: Harina de trigo, azúcar, aceites vegetales. Contiene: GLUTEN, SÉSAMO. Conservar en lugar fresco.",PASS,Etiqueta conforme. Alérgenos declarados y resaltados.
OCR-9492,2026-09-10 08:59:00,BAT-5126,PROD_02,"GLUTEN,SÉSAMO","GLUTEN,SÉSAMO","INGREDIENTES: Harina de trigo, azúcar, aceites vegetales. Contiene: GLUTEN, SÉSAMO. Conservar en lugar fresco.",PASS,Etiqueta conforme. Alérgenos declarados y resaltados.
OCR-9493,2026-09-10 12:50:00,BAT-5127,PROD_03,"GLUTEN,LECHE,SOJA","GLUTEN,LECHE,SOJA","INGREDIENTES: Harina de trigo, azúcar, aceites vegetales. Contiene: GLUTEN, LECHE, SOJA. Conservar en lugar fresco.",PASS,Etiqueta conforme. Alérgenos declarados y resaltados.
OCR-9494,2026-09-10 14:09:00,BAT-5127,PROD_03,"GLUTEN,LECHE,SOJA","GLUTEN,LECHE,SOJA","INGREDIENTES: Harina de trigo, azúcar, aceites vegetales. Contiene: GLUTEN, LECHE, SOJA. Conservar en lugar fresco.",PASS,Etiqueta conforme. Alérgenos declarados y resaltados.
OCR-9495,2026-09-10 12:17:00,BAT-5127,PROD_03,"GLUTEN,LECHE,SOJA","GLUTEN,LECHE,SOJA","INGREDIENTES: Harina de trigo, azúcar, aceites vegetales. Contiene: GLUTEN, LECHE, SOJA. Conservar en lugar fresco.",PASS,Etiqueta conforme. Alérgenos declarados y resaltados.
OCR-9496,2026-09-10 13:04:00,BAT-5127,PROD_03,"GLUTEN,LECHE,SOJA","GLUTEN,LECHE,SOJA","INGREDIENTES: Harina de trigo, azúcar, aceites vegetales. Contiene: GLUTEN, LECHE, SOJA. Conservar en lugar fresco.",PASS,Etiqueta conforme. Alérgenos declarados y resaltados.
OCR-9497,2026-09-10 14:41:00,BAT-5127,PROD_03,"GLUTEN,LECHE,SOJA","GLUTEN,LECHE,SOJA","INGREDIENTES: Harina de trigo, azúcar, aceites vegetales. Contiene: GLUTEN, LECHE, SOJA. Conservar en lugar fresco.",PASS,Etiqueta conforme. Alérgenos declarados y resaltados.
OCR-9498,2026-09-10 17:46:00,BAT-5128,PROD_06,"GLUTEN,LECHE,HUEVO","GLUTEN,LECHE,HUEVO","INGREDIENTES: Harina de trigo, azúcar, aceites vegetales. Contiene: GLUTEN, LECHE, HUEVO. Conservar en lugar fresco.",PASS,Etiqueta conforme. Alérgenos declarados y resaltados.
OCR-9499,2026-09-10 19:17:00,BAT-5128,PROD_06,"GLUTEN,LECHE,HUEVO","GLUTEN,LECHE","INGREDIENTES: Harina de trigo, azúcar, aceites vegetales. Contiene: GLUTEN, LECHE. Conservar en lugar fresco.",FAIL_MISSING_ALLERGEN,ALERTA: Faltan alérgenos obligatorios en el texto impreso.
OCR-9500,2026-09-10 16:14:00,BAT-5128,PROD_06,"GLUTEN,LECHE,HUEVO","GLUTEN,LECHE,HUEVO","INGREDIENTES: Harina de trigo, azúcar, aceites vegetales. Contiene: GLUTEN, LECHE, HUEVO. Conservar en lugar fresco.",PASS,Etiqueta conforme. Alérgenos declarados y resaltados.
OCR-9501,2026-09-10 17:38:00,BAT-5128,PROD_06,"GLUTEN,LECHE,HUEVO","GLUTEN,LECHE,HUEVO","INGREDIENTES: Harina de trigo, azúcar, aceites vegetales. Contiene: GLUTEN, LECHE, HUEVO. Conservar en lugar fresco.",PASS,Etiqueta conforme. Alérgenos declarados y resaltados.
OCR-9502,2026-09-10 19:20:00,BAT-5128,PROD_06,"GLUTEN,LECHE,HUEVO","GLUTEN,LECHE,HUEVO","INGREDIENTES: Harina de trigo, azúcar, aceites vegetales. Contiene: GLUTEN, LECHE, HUEVO. Conservar en lugar fresco.",PASS,Etiqueta conforme. Alérgenos declarados y resaltados.
OCR-9503,2026-09-10 20:51:00,BAT-5129,PROD_04,"GLUTEN,LECHE,SOJA,AVELLANA","GLUTEN,LECHE,SOJA,AVELLANA","INGREDIENTES: Harina de trigo, azúcar, aceites vegetales. Contiene: GLUTEN, LECHE, SOJA, AVELLANA. Conservar en lugar fresco.",PASS,Etiqueta conforme. Alérgenos declarados y resaltados.
OCR-9504,2026-09-10 22:07:00,BAT-5129,PROD_04,"GLUTEN,LECHE,SOJA,AVELLANA","GLUTEN,LECHE,SOJA,AVELLANA","INGREDIENTES: Harina de trigo, azúcar, aceites vegetales. Contiene: GLUTEN, LECHE, SOJA, AVELLANA. Conservar en lugar fresco.",PASS,Etiqueta conforme. Alérgenos declarados y resaltados.
OCR-9505,2026-09-10 20:32:00,BAT-5129,PROD_04,"GLUTEN,LECHE,SOJA,AVELLANA","GLUTEN,LECHE,SOJA,AVELLANA","INGREDIENTES: Harina de trigo, azúcar, aceites vegetales. Contiene: GLUTEN, LECHE, SOJA, AVELLANA. Conservar en lugar fresco.",PASS,Etiqueta conforme. Alérgenos declarados y resaltados.
OCR-9506,2026-09-10 07:35:00,BAT-5130,PROD_01,GLUTEN,GLUTEN,"INGREDIENTES: Harina de trigo, azúcar, aceites vegetales. Contiene: GLUTEN. Conservar en lugar fresco.",PASS,Etiqueta conforme. Alérgenos declarados y resaltados.
OCR-9507,2026-09-10 07:18:00,BAT-5130,PROD_01,GLUTEN,,"INGREDIENTES: Harina de trigo, azúcar, aceites vegetales. Contiene: . Conservar en lugar fresco.",FAIL_MISSING_ALLERGEN,ALERTA: Faltan alérgenos obligatorios en el texto impreso.
OCR-9508,2026-09-10 06:21:00,BAT-5130,PROD_01,GLUTEN,GLUTEN,"INGREDIENTES: Harina de trigo, azúcar, aceites vegetales. Contiene: GLUTEN. Conservar en lugar fresco.",PASS,Etiqueta conforme. Alérgenos declarados y resaltados.
OCR-9509,2026-09-10 08:22:00,BAT-5130,PROD_01,GLUTEN,GLUTEN,"INGREDIENTES: Harina de trigo, azúcar, aceites vegetales. Contiene: GLUTEN. Conservar en lugar fresco.",PASS,Etiqueta conforme. Alérgenos declarados y resaltados.
OCR-9510,2026-09-10 12:49:00,BAT-5131,PROD_03,"GLUTEN,LECHE,SOJA","GLUTEN,LECHE,SOJA","INGREDIENTES: Harina de trigo, azúcar, aceites vegetales. Contiene: GLUTEN, LECHE, SOJA. Conservar en lugar fresco.",PASS,Etiqueta conforme. Alérgenos declarados y resaltados.
OCR-9511,2026-09-10 14:23:00,BAT-5131,PROD_03,"GLUTEN,LECHE,SOJA","GLUTEN,LECHE,SOJA","INGREDIENTES: Harina de trigo, azúcar, aceites vegetales. Contiene: GLUTEN, LECHE, SOJA. Conservar en lugar fresco.",PASS,Etiqueta conforme. Alérgenos declarados y resaltados.
OCR-9512,2026-09-10 13:01:00,BAT-5131,PROD_03,"GLUTEN,LECHE,SOJA","GLUTEN,LECHE,SOJA","INGREDIENTES: Harina de trigo, azúcar, aceites vegetales. Contiene: GLUTEN, LECHE, SOJA. Conservar en lugar fresco.",PASS,Etiqueta conforme. Alérgenos declarados y resaltados.
OCR-9513,2026-09-10 16:26:00,BAT-5132,PROD_06,"GLUTEN,LECHE,HUEVO","GLUTEN,LECHE,HUEVO","INGREDIENTES: Harina de trigo, azúcar, aceites vegetales. Contiene: GLUTEN, LECHE, HUEVO. Conservar en lugar fresco.",PASS,Etiqueta conforme. Alérgenos declarados y resaltados.
OCR-9514,2026-09-10 16:13:00,BAT-5132,PROD_06,"GLUTEN,LECHE,HUEVO","GLUTEN,LECHE,HUEVO","INGREDIENTES: Harina de trigo, azúcar, aceites vegetales. Contiene: GLUTEN, LECHE, HUEVO. Conservar en lugar fresco.",PASS,Etiqueta conforme. Alérgenos declarados y resaltados.
OCR-9515,2026-09-10 18:57:00,BAT-5132,PROD_06,"GLUTEN,LECHE,HUEVO","GLUTEN,LECHE,HUEVO","INGREDIENTES: Harina de trigo, azúcar, aceites vegetales. Contiene: GLUTEN, LECHE, HUEVO. Conservar en lugar fresco.",PASS,Etiqueta conforme. Alérgenos declarados y resaltados.
OCR-9516,2026-09-10 21:36:00,BAT-5133,PROD_04,"GLUTEN,LECHE,SOJA,AVELLANA","GLUTEN,LECHE,SOJA,AVELLANA","INGREDIENTES: Harina de trigo, azúcar, aceites vegetales. Contiene: GLUTEN, LECHE, SOJA, AVELLANA. Conservar en lugar fresco.",PASS,Etiqueta conforme. Alérgenos declarados y resaltados.
OCR-9517,2026-09-10 20:31:00,BAT-5133,PROD_04,"GLUTEN,LECHE,SOJA,AVELLANA","GLUTEN,LECHE,SOJA,AVELLANA","INGREDIENTES: Harina de trigo, azúcar, aceites vegetales. Contiene: GLUTEN, LECHE, SOJA, AVELLANA. Conservar en lugar fresco.",PASS,Etiqueta conforme. Alérgenos declarados y resaltados.
OCR-9518,2026-09-10 21:29:00,BAT-5133,PROD_04,"GLUTEN,LECHE,SOJA,AVELLANA","GLUTEN,LECHE,SOJA,AVELLANA","INGREDIENTES: Harina de trigo, azúcar, aceites vegetales. Contiene: GLUTEN, LECHE, SOJA, AVELLANA. Conservar en lugar fresco.",PASS,Etiqueta conforme. Alérgenos declarados y resaltados.
OCR-9519,2026-09-10 20:55:00,BAT-5133,PROD_04,"GLUTEN,LECHE,SOJA,AVELLANA","GLUTEN,LECHE,SOJA,AVELLANA","INGREDIENTES: Harina de trigo, azúcar, aceites vegetales. Contiene: GLUTEN, LECHE, SOJA, AVELLANA. Conservar en lugar fresco.",PASS,Etiqueta conforme. Alérgenos declarados y resaltados.
OCR-9520,2026-09-10 20:59:00,BAT-5133,PROD_04,"GLUTEN,LECHE,SOJA,AVELLANA","GLUTEN,LECHE,SOJA,AVELLANA","INGREDIENTES: Harina de trigo, azúcar, aceites vegetales. Contiene: GLUTEN, LECHE, SOJA, AVELLANA. Conservar en lugar fresco.",PASS,Etiqueta conforme. Alérgenos declarados y resaltados.
OCR-9521,2026-09-10 06:59:00,BAT-5134,PROD_02,"GLUTEN,SÉSAMO","GLUTEN,SÉSAMO","INGREDIENTES: Harina de trigo, azúcar, aceites vegetales. Contiene: GLUTEN, SÉSAMO. Conservar en lugar fresco.",PASS,Etiqueta conforme. Alérgenos declarados y resaltados.
OCR-9522,2026-09-10 09:38:00,BAT-5134,PROD_02,"GLUTEN,SÉSAMO",,"INGREDIENTES: Harina de trigo, azúcar, aceites vegetales. Contiene: . Conservar en lugar fresco.",FAIL_OCR_UNREADABLE,Error de lectura OCR: Código de barras o texto borroso.
OCR-9523,2026-09-10 10:20:00,BAT-5134,PROD_02,"GLUTEN,SÉSAMO","GLUTEN,SÉSAMO","INGREDIENTES: Harina de trigo, azúcar, aceites vegetales. Contiene: GLUTEN, SÉSAMO. Conservar en lugar fresco.",PASS,Etiqueta conforme. Alérgenos declarados y resaltados.
OCR-9524,2026-09-10 11:53:00,BAT-5135,PROD_05,"GLUTEN,CACAHUETE,SOJA","GLUTEN,CACAHUETE,SOJA","INGREDIENTES: Harina de trigo, azúcar, aceites vegetales. Contiene: GLUTEN, CACAHUETE, SOJA. Conservar en lugar fresco.",PASS,Etiqueta conforme. Alérgenos declarados y resaltados.
OCR-9525,2026-09-10 12:56:00,BAT-5135,PROD_05,"GLUTEN,CACAHUETE,SOJA","GLUTEN,CACAHUETE,SOJA","INGREDIENTES: Harina de trigo, azúcar, aceites vegetales. Contiene: GLUTEN, CACAHUETE, SOJA. Conservar en lugar fresco.",PASS,Etiqueta conforme. Alérgenos declarados y resaltados.
OCR-9526,2026-09-10 13:30:00,BAT-5135,PROD_05,"GLUTEN,CACAHUETE,SOJA","GLUTEN,CACAHUETE,SOJA","INGREDIENTES: Harina de trigo, azúcar, aceites vegetales. Contiene: GLUTEN, CACAHUETE, SOJA. Conservar en lugar fresco.",PASS,Etiqueta conforme. Alérgenos declarados y resaltados.
OCR-9527,2026-09-10 13:47:00,BAT-5135,PROD_05,"GLUTEN,CACAHUETE,SOJA","GLUTEN,CACAHUETE,SOJA","INGREDIENTES: Harina de trigo, azúcar, aceites vegetales. Contiene: GLUTEN, CACAHUETE, SOJA. Conservar en lugar fresco.",PASS,Etiqueta conforme. Alérgenos declarados y resaltados.
OCR-9528,2026-09-10 14:54:00,BAT-5135,PROD_05,"GLUTEN,CACAHUETE,SOJA","GLUTEN,CACAHUETE,SOJA","INGREDIENTES: Harina de trigo, azúcar, aceites vegetales. Contiene: GLUTEN, CACAHUETE, SOJA. Conservar en lugar fresco.",PASS,Etiqueta conforme. Alérgenos declarados y resaltados.
OCR-9529,2026-09-10 17:01:00,BAT-5136,PROD_06,"GLUTEN,LECHE,HUEVO","GLUTEN,LECHE,HUEVO","INGREDIENTES: Harina de trigo, azúcar, aceites vegetales. Contiene: GLUTEN, LECHE, HUEVO. Conservar en lugar fresco.",PASS,Etiqueta conforme. Alérgenos declarados y resaltados.
OCR-9530,2026-09-10 16:23:00,BAT-5136,PROD_06,"GLUTEN,LECHE,HUEVO","GLUTEN,LECHE,HUEVO","INGREDIENTES: Harina de trigo, azúcar, aceites vegetales. Contiene: GLUTEN, LECHE, HUEVO. Conservar en lugar fresco.",PASS,Etiqueta conforme. Alérgenos declarados y resaltados.
OCR-9531,2026-09-10 20:20:00,BAT-5136,PROD_06,"GLUTEN,LECHE,HUEVO","GLUTEN,LECHE,HUEVO","INGREDIENTES: Harina de trigo, azúcar, aceites vegetales. Contiene: GLUTEN, LECHE, HUEVO. Conservar en lugar fresco.",PASS,Etiqueta conforme. Alérgenos declarados y resaltados.
OCR-9532,2026-09-10 22:37:00,BAT-5137,PROD_03,"GLUTEN,LECHE,SOJA","GLUTEN,LECHE","INGREDIENTES: Harina de trigo, azúcar, aceites vegetales. Contiene: GLUTEN, LECHE. Conservar en lugar fresco.",FAIL_MISSING_ALLERGEN,ALERTA: Faltan alérgenos obligatorios en el texto impreso.
OCR-9533,2026-09-10 22:12:00,BAT-5137,PROD_03,"GLUTEN,LECHE,SOJA","GLUTEN,LECHE,SOJA","INGREDIENTES: Harina de trigo, azúcar, aceites vegetales. Contiene: GLUTEN, LECHE, SOJA. Conservar en lugar fresco.",PASS,Etiqueta conforme. Alérgenos declarados y resaltados.
OCR-9534,2026-09-10 23:27:00,BAT-5137,PROD_03,"GLUTEN,LECHE,SOJA","GLUTEN,LECHE,SOJA","INGREDIENTES: Harina de trigo, azúcar, aceites vegetales. Contiene: GLUTEN, LECHE, SOJA. Conservar en lugar fresco.",PASS,Etiqueta conforme. Alérgenos declarados y resaltados.
OCR-9535,2026-09-10 09:07:00,BAT-5138,PROD_02,"GLUTEN,SÉSAMO","GLUTEN,SÉSAMO","INGREDIENTES: Harina de trigo, azúcar, aceites vegetales. Contiene: GLUTEN, SÉSAMO. Conservar en lugar fresco.",PASS,Etiqueta conforme. Alérgenos declarados y resaltados.
OCR-9536,2026-09-10 06:36:00,BAT-5138,PROD_02,"GLUTEN,SÉSAMO","GLUTEN,SÉSAMO","INGREDIENTES: Harina de trigo, azúcar, aceites vegetales. Contiene: GLUTEN, SÉSAMO. Conservar en lugar fresco.",PASS,Etiqueta conforme. Alérgenos declarados y resaltados.
OCR-9537,2026-09-10 06:29:00,BAT-5138,PROD_02,"GLUTEN,SÉSAMO","GLUTEN,SÉSAMO","INGREDIENTES: Harina de trigo, azúcar, aceites vegetales. Contiene: GLUTEN, SÉSAMO. Conservar en lugar fresco.",PASS,Etiqueta conforme. Alérgenos declarados y resaltados.
OCR-9538,2026-09-10 08:30:00,BAT-5138,PROD_02,"GLUTEN,SÉSAMO","GLUTEN,SÉSAMO","INGREDIENTES: Harina de trigo, azúcar, aceites vegetales. Contiene: GLUTEN, SÉSAMO. Conservar en lugar fresco.",PASS,Etiqueta conforme. Alérgenos declarados y resaltados.
OCR-9539,2026-09-10 09:48:00,BAT-5138,PROD_02,"GLUTEN,SÉSAMO","GLUTEN,SÉSAMO","INGREDIENTES: Harina de trigo, azúcar, aceites vegetales. Contiene: GLUTEN, SÉSAMO. Conservar en lugar fresco.",PASS,Etiqueta conforme. Alérgenos declarados y resaltados.
OCR-9540,2026-09-10 13:54:00,BAT-5139,PROD_05,"GLUTEN,CACAHUETE,SOJA","GLUTEN,CACAHUETE,SOJA","INGREDIENTES: Harina de trigo, azúcar, aceites vegetales. Contiene: GLUTEN, CACAHUETE, SOJA. Conservar en lugar fresco.",PASS,Etiqueta conforme. Alérgenos declarados y resaltados.
OCR-9541,2026-09-10 12:52:00,BAT-5139,PROD_05,"GLUTEN,CACAHUETE,SOJA","GLUTEN,CACAHUETE,SOJA","INGREDIENTES: Harina de trigo, azúcar, aceites vegetales. Contiene: GLUTEN, CACAHUETE, SOJA. Conservar en lugar fresco.",PASS,Etiqueta conforme. Alérgenos declarados y resaltados.
OCR-9542,2026-09-10 13:18:00,BAT-5139,PROD_05,"GLUTEN,CACAHUETE,SOJA","GLUTEN,CACAHUETE,SOJA","INGREDIENTES: Harina de trigo, azúcar, aceites vegetales. Contiene: GLUTEN, CACAHUETE, SOJA. Conservar en lugar fresco.",PASS,Etiqueta conforme. Alérgenos declarados y resaltados.
OCR-9543,2026-09-10 11:53:00,BAT-5139,PROD_05,"GLUTEN,CACAHUETE,SOJA","GLUTEN,CACAHUETE,SOJA","INGREDIENTES: Harina de trigo, azúcar, aceites vegetales. Contiene: GLUTEN, CACAHUETE, SOJA. Conservar en lugar fresco.",PASS,Etiqueta conforme. Alérgenos declarados y resaltados.
OCR-9544,2026-09-10 16:41:00,BAT-5140,PROD_06,"GLUTEN,LECHE,HUEVO","GLUTEN,LECHE,HUEVO","INGREDIENTES: Harina de trigo, azúcar, aceites vegetales. Contiene: GLUTEN, LECHE, HUEVO. Conservar en lugar fresco.",PASS,Etiqueta conforme. Alérgenos declarados y resaltados.
OCR-9545,2026-09-10 15:47:00,BAT-5140,PROD_06,"GLUTEN,LECHE,HUEVO","GLUTEN,LECHE,HUEVO","INGREDIENTES: Harina de trigo, azúcar, aceites vegetales. Contiene: GLUTEN, LECHE, HUEVO. Conservar en lugar fresco.",PASS,Etiqueta conforme. Alérgenos declarados y resaltados.
OCR-9546,2026-09-10 15:31:00,BAT-5140,PROD_06,"GLUTEN,LECHE,HUEVO","GLUTEN,LECHE,HUEVO","INGREDIENTES: Harina de trigo, azúcar, aceites vegetales. Contiene: GLUTEN, LECHE, HUEVO. Conservar en lugar fresco.",PASS,Etiqueta conforme. Alérgenos declarados y resaltados.
OCR-9547,2026-09-10 16:16:00,BAT-5140,PROD_06,"GLUTEN,LECHE,HUEVO","GLUTEN,LECHE,HUEVO","INGREDIENTES: Harina de trigo, azúcar, aceites vegetales. Contiene: GLUTEN, LECHE, HUEVO. Conservar en lugar fresco.",PASS,Etiqueta conforme. Alérgenos declarados y resaltados.
OCR-9548,2026-09-11 07:53:00,BAT-5141,PROD_01,GLUTEN,GLUTEN,"INGREDIENTES: Harina de trigo, azúcar, aceites vegetales. Contiene: GLUTEN. Conservar en lugar fresco.",PASS,Etiqueta conforme. Alérgenos declarados y resaltados.
OCR-9549,2026-09-11 08:02:00,BAT-5141,PROD_01,GLUTEN,GLUTEN,"INGREDIENTES: Harina de trigo, azúcar, aceites vegetales. Contiene: GLUTEN. Conservar en lugar fresco.",PASS,Etiqueta conforme. Alérgenos declarados y resaltados.
OCR-9550,2026-09-11 06:55:00,BAT-5141,PROD_01,GLUTEN,GLUTEN,"INGREDIENTES: Harina de trigo, azúcar, aceites vegetales. Contiene: GLUTEN. Conservar en lugar fresco.",PASS,Etiqueta conforme. Alérgenos declarados y resaltados.
OCR-9551,2026-09-11 08:42:00,BAT-5141,PROD_01,GLUTEN,GLUTEN,"INGREDIENTES: Harina de trigo, azúcar, aceites vegetales. Contiene: GLUTEN. Conservar en lugar fresco.",PASS,Etiqueta conforme. Alérgenos declarados y resaltados.
OCR-9552,2026-09-11 11:42:00,BAT-5142,PROD_03,"GLUTEN,LECHE,SOJA",,"INGREDIENTES: Harina de trigo, azúcar, aceites vegetales. Contiene: . Conservar en lugar fresco.",FAIL_OCR_UNREADABLE,Error de lectura OCR: Código de barras o texto borroso.
OCR-9553,2026-09-11 11:34:00,BAT-5142,PROD_03,"GLUTEN,LECHE,SOJA","GLUTEN,LECHE,SOJA","INGREDIENTES: Harina de trigo, azúcar, aceites vegetales. Contiene: GLUTEN, LECHE, SOJA. Conservar en lugar fresco.",PASS,Etiqueta conforme. Alérgenos declarados y resaltados.
OCR-9554,2026-09-11 10:53:00,BAT-5142,PROD_03,"GLUTEN,LECHE,SOJA","GLUTEN,LECHE,SOJA","INGREDIENTES: Harina de trigo, azúcar, aceites vegetales. Contiene: GLUTEN, LECHE, SOJA. Conservar en lugar fresco.",PASS,Etiqueta conforme. Alérgenos declarados y resaltados.
OCR-9555,2026-09-11 15:04:00,BAT-5143,PROD_06,"GLUTEN,LECHE,HUEVO","GLUTEN,LECHE,HUEVO","INGREDIENTES: Harina de trigo, azúcar, aceites vegetales. Contiene: GLUTEN, LECHE, HUEVO. Conservar en lugar fresco.",PASS,Etiqueta conforme. Alérgenos declarados y resaltados.
OCR-9556,2026-09-11 13:56:00,BAT-5143,PROD_06,"GLUTEN,LECHE,HUEVO","GLUTEN,LECHE,HUEVO","INGREDIENTES: Harina de trigo, azúcar, aceites vegetales. Contiene: GLUTEN, LECHE, HUEVO. Conservar en lugar fresco.",PASS,Etiqueta conforme. Alérgenos declarados y resaltados.
OCR-9557,2026-09-11 14:25:00,BAT-5143,PROD_06,"GLUTEN,LECHE,HUEVO","GLUTEN,LECHE,HUEVO","INGREDIENTES: Harina de trigo, azúcar, aceites vegetales. Contiene: GLUTEN, LECHE, HUEVO. Conservar en lugar fresco.",PASS,Etiqueta conforme. Alérgenos declarados y resaltados.
OCR-9558,2026-09-11 14:07:00,BAT-5143,PROD_06,"GLUTEN,LECHE,HUEVO","GLUTEN,LECHE,HUEVO","INGREDIENTES: Harina de trigo, azúcar, aceites vegetales. Contiene: GLUTEN, LECHE, HUEVO. Conservar en lugar fresco.",PASS,Etiqueta conforme. Alérgenos declarados y resaltados.
OCR-9559,2026-09-11 20:15:00,BAT-5144,PROD_04,"GLUTEN,LECHE,SOJA,AVELLANA","GLUTEN,LECHE,SOJA,AVELLANA","INGREDIENTES: Harina de trigo, azúcar, aceites vegetales. Contiene: GLUTEN, LECHE, SOJA, AVELLANA. Conservar en lugar fresco.",PASS,Etiqueta conforme. Alérgenos declarados y resaltados.
OCR-9560,2026-09-11 16:19:00,BAT-5144,PROD_04,"GLUTEN,LECHE,SOJA,AVELLANA","GLUTEN,LECHE,SOJA,AVELLANA","INGREDIENTES: Harina de trigo, azúcar, aceites vegetales. Contiene: GLUTEN, LECHE, SOJA, AVELLANA. Conservar en lugar fresco.",PASS,Etiqueta conforme. Alérgenos declarados y resaltados.
OCR-9561,2026-09-11 19:55:00,BAT-5144,PROD_04,"GLUTEN,LECHE,SOJA,AVELLANA","GLUTEN,LECHE,SOJA,AVELLANA","INGREDIENTES: Harina de trigo, azúcar, aceites vegetales. Contiene: GLUTEN, LECHE, SOJA, AVELLANA. Conservar en lugar fresco.",PASS,Etiqueta conforme. Alérgenos declarados y resaltados.
OCR-9562,2026-09-11 18:30:00,BAT-5144,PROD_04,"GLUTEN,LECHE,SOJA,AVELLANA","GLUTEN,LECHE,SOJA,AVELLANA","INGREDIENTES: Harina de trigo, azúcar, aceites vegetales. Contiene: GLUTEN, LECHE, SOJA, AVELLANA. Conservar en lugar fresco.",PASS,Etiqueta conforme. Alérgenos declarados y resaltados.
OCR-9563,2026-09-11 19:41:00,BAT-5144,PROD_04,"GLUTEN,LECHE,SOJA,AVELLANA","GLUTEN,LECHE,SOJA,AVELLANA","INGREDIENTES: Harina de trigo, azúcar, aceites vegetales. Contiene: GLUTEN, LECHE, SOJA, AVELLANA. Conservar en lugar fresco.",PASS,Etiqueta conforme. Alérgenos declarados y resaltados.
OCR-9564,2026-09-11 09:38:00,BAT-5145,PROD_01,GLUTEN,,"INGREDIENTES: Harina de trigo, azúcar, aceites vegetales. Contiene: . Conservar en lugar fresco.",FAIL_OCR_UNREADABLE,Error de lectura OCR: Código de barras o texto borroso.
OCR-9565,2026-09-11 08:37:00,BAT-5145,PROD_01,GLUTEN,,"INGREDIENTES: Harina de trigo, azúcar, aceites vegetales. Contiene: . Conservar en lugar fresco.",FAIL_MISSING_ALLERGEN,ALERTA: Faltan alérgenos obligatorios en el texto impreso.
OCR-9566,2026-09-11 09:28:00,BAT-5145,PROD_01,GLUTEN,GLUTEN,"INGREDIENTES: Harina de trigo, azúcar, aceites vegetales. Contiene: GLUTEN. Conservar en lugar fresco.",PASS,Etiqueta conforme. Alérgenos declarados y resaltados.
OCR-9567,2026-09-11 08:49:00,BAT-5145,PROD_01,GLUTEN,GLUTEN,"INGREDIENTES: Harina de trigo, azúcar, aceites vegetales. Contiene: GLUTEN. Conservar en lugar fresco.",PASS,Etiqueta conforme. Alérgenos declarados y resaltados.
OCR-9568,2026-09-11 10:58:00,BAT-5146,PROD_05,"GLUTEN,CACAHUETE,SOJA","GLUTEN,CACAHUETE,SOJA","INGREDIENTES: Harina de trigo, azúcar, aceites vegetales. Contiene: GLUTEN, CACAHUETE, SOJA. Conservar en lugar fresco.",PASS,Etiqueta conforme. Alérgenos declarados y resaltados.
OCR-9569,2026-09-11 13:25:00,BAT-5146,PROD_05,"GLUTEN,CACAHUETE,SOJA","GLUTEN,CACAHUETE,SOJA","INGREDIENTES: Harina de trigo, azúcar, aceites vegetales. Contiene: GLUTEN, CACAHUETE, SOJA. Conservar en lugar fresco.",PASS,Etiqueta conforme. Alérgenos declarados y resaltados.
OCR-9570,2026-09-11 15:00:00,BAT-5146,PROD_05,"GLUTEN,CACAHUETE,SOJA","GLUTEN,CACAHUETE,SOJA","INGREDIENTES: Harina de trigo, azúcar, aceites vegetales. Contiene: GLUTEN, CACAHUETE, SOJA. Conservar en lugar fresco.",PASS,Etiqueta conforme. Alérgenos declarados y resaltados.
OCR-9571,2026-09-11 17:06:00,BAT-5147,PROD_03,"GLUTEN,LECHE,SOJA","GLUTEN,LECHE,SOJA","INGREDIENTES: Harina de trigo, azúcar, aceites vegetales. Contiene: GLUTEN, LECHE, SOJA. Conservar en lugar fresco.",PASS,Etiqueta conforme. Alérgenos declarados y resaltados.
OCR-9572,2026-09-11 18:38:00,BAT-5147,PROD_03,"GLUTEN,LECHE,SOJA","GLUTEN,LECHE,SOJA","INGREDIENTES: Harina de trigo, azúcar, aceites vegetales. Contiene: GLUTEN, LECHE, SOJA. Conservar en lugar fresco.",PASS,Etiqueta conforme. Alérgenos declarados y resaltados.
OCR-9573,2026-09-11 18:28:00,BAT-5147,PROD_03,"GLUTEN,LECHE,SOJA","GLUTEN,LECHE,SOJA","INGREDIENTES: Harina de trigo, azúcar, aceites vegetales. Contiene: GLUTEN, LECHE, SOJA. Conservar en lugar fresco.",PASS,Etiqueta conforme. Alérgenos declarados y resaltados.
OCR-9574,2026-09-11 20:14:00,BAT-5147,PROD_03,"GLUTEN,LECHE,SOJA","GLUTEN,LECHE,SOJA","INGREDIENTES: Harina de trigo, azúcar, aceites vegetales. Contiene: GLUTEN, LECHE, SOJA. Conservar en lugar fresco.",PASS,Etiqueta conforme. Alérgenos declarados y resaltados.
OCR-9575,2026-09-11 20:05:00,BAT-5147,PROD_03,"GLUTEN,LECHE,SOJA","GLUTEN,LECHE,SOJA","INGREDIENTES: Harina de trigo, azúcar, aceites vegetales. Contiene: GLUTEN, LECHE, SOJA. Conservar en lugar fresco.",PASS,Etiqueta conforme. Alérgenos declarados y resaltados.
OCR-9576,2026-09-12 00:43:00,BAT-5148,PROD_04,"GLUTEN,LECHE,SOJA,AVELLANA","GLUTEN,LECHE,SOJA,AVELLANA","INGREDIENTES: Harina de trigo, azúcar, aceites vegetales. Contiene: GLUTEN, LECHE, SOJA, AVELLANA. Conservar en lugar fresco.",PASS,Etiqueta conforme. Alérgenos declarados y resaltados.
OCR-9577,2026-09-11 22:39:00,BAT-5148,PROD_04,"GLUTEN,LECHE,SOJA,AVELLANA","GLUTEN,LECHE,SOJA,AVELLANA","INGREDIENTES: Harina de trigo, azúcar, aceites vegetales. Contiene: GLUTEN, LECHE, SOJA, AVELLANA. Conservar en lugar fresco.",PASS,Etiqueta conforme. Alérgenos declarados y resaltados.
OCR-9578,2026-09-11 23:01:00,BAT-5148,PROD_04,"GLUTEN,LECHE,SOJA,AVELLANA","GLUTEN,LECHE,SOJA,AVELLANA","INGREDIENTES: Harina de trigo, azúcar, aceites vegetales. Contiene: GLUTEN, LECHE, SOJA, AVELLANA. Conservar en lugar fresco.",PASS,Etiqueta conforme. Alérgenos declarados y resaltados.
OCR-9579,2026-09-12 00:38:00,BAT-5148,PROD_04,"GLUTEN,LECHE,SOJA,AVELLANA","GLUTEN,LECHE,SOJA,AVELLANA","INGREDIENTES: Harina de trigo, azúcar, aceites vegetales. Contiene: GLUTEN, LECHE, SOJA, AVELLANA. Conservar en lugar fresco.",PASS,Etiqueta conforme. Alérgenos declarados y resaltados.
OCR-9580,2026-09-11 06:31:00,BAT-5149,PROD_05,"GLUTEN,CACAHUETE,SOJA","GLUTEN,CACAHUETE,SOJA","INGREDIENTES: Harina de trigo, azúcar, aceites vegetales. Contiene: GLUTEN, CACAHUETE, SOJA. Conservar en lugar fresco.",PASS,Etiqueta conforme. Alérgenos declarados y resaltados.
OCR-9581,2026-09-11 07:11:00,BAT-5149,PROD_05,"GLUTEN,CACAHUETE,SOJA","GLUTEN,CACAHUETE,SOJA","INGREDIENTES: Harina de trigo, azúcar, aceites vegetales. Contiene: GLUTEN, CACAHUETE, SOJA. Conservar en lugar fresco.",PASS,Etiqueta conforme. Alérgenos declarados y resaltados.
OCR-9582,2026-09-11 10:00:00,BAT-5149,PROD_05,"GLUTEN,CACAHUETE,SOJA","GLUTEN,CACAHUETE,SOJA","INGREDIENTES: Harina de trigo, azúcar, aceites vegetales. Contiene: GLUTEN, CACAHUETE, SOJA. Conservar en lugar fresco.",PASS,Etiqueta conforme. Alérgenos declarados y resaltados.
OCR-9583,2026-09-11 12:27:00,BAT-5150,PROD_06,"GLUTEN,LECHE,HUEVO","GLUTEN,LECHE,HUEVO","INGREDIENTES: Harina de trigo, azúcar, aceites vegetales. Contiene: GLUTEN, LECHE, HUEVO. Conservar en lugar fresco.",PASS,Etiqueta conforme. Alérgenos declarados y resaltados.
OCR-9584,2026-09-11 13:35:00,BAT-5150,PROD_06,"GLUTEN,LECHE,HUEVO","GLUTEN,LECHE,HUEVO","INGREDIENTES: Harina de trigo, azúcar, aceites vegetales. Contiene: GLUTEN, LECHE, HUEVO. Conservar en lugar fresco.",PASS,Etiqueta conforme. Alérgenos declarados y resaltados.
OCR-9585,2026-09-11 11:50:00,BAT-5150,PROD_06,"GLUTEN,LECHE,HUEVO","GLUTEN,LECHE,HUEVO","INGREDIENTES: Harina de trigo, azúcar, aceites vegetales. Contiene: GLUTEN, LECHE, HUEVO. Conservar en lugar fresco.",PASS,Etiqueta conforme. Alérgenos declarados y resaltados.
OCR-9586,2026-09-11 13:47:00,BAT-5150,PROD_06,"GLUTEN,LECHE,HUEVO","GLUTEN,LECHE,HUEVO","INGREDIENTES: Harina de trigo, azúcar, aceites vegetales. Contiene: GLUTEN, LECHE, HUEVO. Conservar en lugar fresco.",PASS,Etiqueta conforme. Alérgenos declarados y resaltados.
OCR-9587,2026-09-11 16:57:00,BAT-5151,PROD_04,"GLUTEN,LECHE,SOJA,AVELLANA","GLUTEN,LECHE,SOJA,AVELLANA","INGREDIENTES: Harina de trigo, azúcar, aceites vegetales. Contiene: GLUTEN, LECHE, SOJA, AVELLANA. Conservar en lugar fresco.",PASS,Etiqueta conforme. Alérgenos declarados y resaltados.
OCR-9588,2026-09-11 16:15:00,BAT-5151,PROD_04,"GLUTEN,LECHE,SOJA,AVELLANA","GLUTEN,LECHE,SOJA","INGREDIENTES: Harina de trigo, azúcar, aceites vegetales. Contiene: GLUTEN, LECHE, SOJA. Conservar en lugar fresco.",FAIL_MISSING_ALLERGEN,ALERTA: Faltan alérgenos obligatorios en el texto impreso.
OCR-9589,2026-09-11 16:52:00,BAT-5151,PROD_04,"GLUTEN,LECHE,SOJA,AVELLANA","GLUTEN,LECHE,SOJA,AVELLANA","INGREDIENTES: Harina de trigo, azúcar, aceites vegetales. Contiene: GLUTEN, LECHE, SOJA, AVELLANA. Conservar en lugar fresco.",PASS,Etiqueta conforme. Alérgenos declarados y resaltados.
OCR-9590,2026-09-11 16:22:00,BAT-5151,PROD_04,"GLUTEN,LECHE,SOJA,AVELLANA","GLUTEN,LECHE,SOJA,AVELLANA","INGREDIENTES: Harina de trigo, azúcar, aceites vegetales. Contiene: GLUTEN, LECHE, SOJA, AVELLANA. Conservar en lugar fresco.",PASS,Etiqueta conforme. Alérgenos declarados y resaltados.
OCR-9591,2026-09-11 17:48:00,BAT-5151,PROD_04,"GLUTEN,LECHE,SOJA,AVELLANA","GLUTEN,LECHE,SOJA,AVELLANA","INGREDIENTES: Harina de trigo, azúcar, aceites vegetales. Contiene: GLUTEN, LECHE, SOJA, AVELLANA. Conservar en lugar fresco.",PASS,Etiqueta conforme. Alérgenos declarados y resaltados.
OCR-9592,2026-09-11 08:17:00,BAT-5152,PROD_02,"GLUTEN,SÉSAMO","GLUTEN,SÉSAMO","INGREDIENTES: Harina de trigo, azúcar, aceites vegetales. Contiene: GLUTEN, SÉSAMO. Conservar en lugar fresco.",PASS,Etiqueta conforme. Alérgenos declarados y resaltados.
OCR-9593,2026-09-11 09:38:00,BAT-5152,PROD_02,"GLUTEN,SÉSAMO","GLUTEN,SÉSAMO","INGREDIENTES: Harina de trigo, azúcar, aceites vegetales. Contiene: GLUTEN, SÉSAMO. Conservar en lugar fresco.",PASS,Etiqueta conforme. Alérgenos declarados y resaltados.
OCR-9594,2026-09-11 07:28:00,BAT-5152,PROD_02,"GLUTEN,SÉSAMO","GLUTEN,SÉSAMO","INGREDIENTES: Harina de trigo, azúcar, aceites vegetales. Contiene: GLUTEN, SÉSAMO. Conservar en lugar fresco.",PASS,Etiqueta conforme. Alérgenos declarados y resaltados.
OCR-9595,2026-09-11 09:08:00,BAT-5152,PROD_02,"GLUTEN,SÉSAMO","GLUTEN,SÉSAMO","INGREDIENTES: Harina de trigo, azúcar, aceites vegetales. Contiene: GLUTEN, SÉSAMO. Conservar en lugar fresco.",PASS,Etiqueta conforme. Alérgenos declarados y resaltados.
OCR-9596,2026-09-11 13:52:00,BAT-5153,PROD_03,"GLUTEN,LECHE,SOJA","GLUTEN,LECHE,SOJA","INGREDIENTES: Harina de trigo, azúcar, aceites vegetales. Contiene: GLUTEN, LECHE, SOJA. Conservar en lugar fresco.",PASS,Etiqueta conforme. Alérgenos declarados y resaltados.
OCR-9597,2026-09-11 11:49:00,BAT-5153,PROD_03,"GLUTEN,LECHE,SOJA","GLUTEN,LECHE,SOJA","INGREDIENTES: Harina de trigo, azúcar, aceites vegetales. Contiene: GLUTEN, LECHE, SOJA. Conservar en lugar fresco.",PASS,Etiqueta conforme. Alérgenos declarados y resaltados.
OCR-9598,2026-09-11 13:37:00,BAT-5153,PROD_03,"GLUTEN,LECHE,SOJA","GLUTEN,LECHE,SOJA","INGREDIENTES: Harina de trigo, azúcar, aceites vegetales. Contiene: GLUTEN, LECHE, SOJA. Conservar en lugar fresco.",PASS,Etiqueta conforme. Alérgenos declarados y resaltados.
OCR-9599,2026-09-11 12:28:00,BAT-5153,PROD_03,"GLUTEN,LECHE,SOJA","GLUTEN,LECHE,SOJA","INGREDIENTES: Harina de trigo, azúcar, aceites vegetales. Contiene: GLUTEN, LECHE, SOJA. Conservar en lugar fresco.",PASS,Etiqueta conforme. Alérgenos declarados y resaltados.
OCR-9600,2026-09-11 16:44:00,BAT-5154,PROD_06,"GLUTEN,LECHE,HUEVO","GLUTEN,LECHE,HUEVO","INGREDIENTES: Harina de trigo, azúcar, aceites vegetales. Contiene: GLUTEN, LECHE, HUEVO. Conservar en lugar fresco.",PASS,Etiqueta conforme. Alérgenos declarados y resaltados.
OCR-9601,2026-09-11 17:13:00,BAT-5154,PROD_06,"GLUTEN,LECHE,HUEVO","GLUTEN,LECHE","INGREDIENTES: Harina de trigo, azúcar, aceites vegetales. Contiene: GLUTEN, LECHE. Conservar en lugar fresco.",FAIL_MISSING_ALLERGEN,ALERTA: Faltan alérgenos obligatorios en el texto impreso.
OCR-9602,2026-09-11 17:14:00,BAT-5154,PROD_06,"GLUTEN,LECHE,HUEVO","GLUTEN,LECHE,HUEVO","INGREDIENTES: Harina de trigo, azúcar, aceites vegetales. Contiene: GLUTEN, LECHE, HUEVO. Conservar en lugar fresco.",PASS,Etiqueta conforme. Alérgenos declarados y resaltados.
OCR-9603,2026-09-11 16:57:00,BAT-5154,PROD_06,"GLUTEN,LECHE,HUEVO","GLUTEN,LECHE,HUEVO","INGREDIENTES: Harina de trigo, azúcar, aceites vegetales. Contiene: GLUTEN, LECHE, HUEVO. Conservar en lugar fresco.",PASS,Etiqueta conforme. Alérgenos declarados y resaltados.
OCR-9604,2026-09-12 08:16:00,BAT-5155,PROD_01,GLUTEN,GLUTEN,"INGREDIENTES: Harina de trigo, azúcar, aceites vegetales. Contiene: GLUTEN. Conservar en lugar fresco.",PASS,Etiqueta conforme. Alérgenos declarados y resaltados.
OCR-9605,2026-09-12 07:06:00,BAT-5155,PROD_01,GLUTEN,GLUTEN,"INGREDIENTES: Harina de trigo, azúcar, aceites vegetales. Contiene: GLUTEN. Conservar en lugar fresco.",PASS,Etiqueta conforme. Alérgenos declarados y resaltados.
OCR-9606,2026-09-12 07:28:00,BAT-5155,PROD_01,GLUTEN,GLUTEN,"INGREDIENTES: Harina de trigo, azúcar, aceites vegetales. Contiene: GLUTEN. Conservar en lugar fresco.",PASS,Etiqueta conforme. Alérgenos declarados y resaltados.
OCR-9607,2026-09-12 06:30:00,BAT-5155,PROD_01,GLUTEN,GLUTEN,"INGREDIENTES: Harina de trigo, azúcar, aceites vegetales. Contiene: GLUTEN. Conservar en lugar fresco.",PASS,Etiqueta conforme. Alérgenos declarados y resaltados.
OCR-9608,2026-09-12 12:01:00,BAT-5156,PROD_02,"GLUTEN,SÉSAMO","GLUTEN,SÉSAMO","INGREDIENTES: Harina de trigo, azúcar, aceites vegetales. Contiene: GLUTEN, SÉSAMO. Conservar en lugar fresco.",PASS,Etiqueta conforme. Alérgenos declarados y resaltados.
OCR-9609,2026-09-12 09:44:00,BAT-5156,PROD_02,"GLUTEN,SÉSAMO","GLUTEN,SÉSAMO","INGREDIENTES: Harina de trigo, azúcar, aceites vegetales. Contiene: GLUTEN, SÉSAMO. Conservar en lugar fresco.",PASS,Etiqueta conforme. Alérgenos declarados y resaltados.
OCR-9610,2026-09-12 10:19:00,BAT-5156,PROD_02,"GLUTEN,SÉSAMO","GLUTEN,SÉSAMO","INGREDIENTES: Harina de trigo, azúcar, aceites vegetales. Contiene: GLUTEN, SÉSAMO. Conservar en lugar fresco.",PASS,Etiqueta conforme. Alérgenos declarados y resaltados.
OCR-9611,2026-09-12 10:20:00,BAT-5156,PROD_02,"GLUTEN,SÉSAMO",GLUTEN,"INGREDIENTES: Harina de trigo, azúcar, aceites vegetales. Contiene: GLUTEN. Conservar en lugar fresco.",FAIL_MISSING_ALLERGEN,ALERTA: Faltan alérgenos obligatorios en el texto impreso.
OCR-9612,2026-09-12 09:44:00,BAT-5156,PROD_02,"GLUTEN,SÉSAMO",,"INGREDIENTES: Harina de trigo, azúcar, aceites vegetales. Contiene: . Conservar en lugar fresco.",FAIL_OCR_UNREADABLE,Error de lectura OCR: Código de barras o texto borroso.
OCR-9613,2026-09-12 13:42:00,BAT-5157,PROD_06,"GLUTEN,LECHE,HUEVO","GLUTEN,LECHE","INGREDIENTES: Harina de trigo, azúcar, aceites vegetales. Contiene: GLUTEN, LECHE. Conservar en lugar fresco.",FAIL_MISSING_ALLERGEN,ALERTA: Faltan alérgenos obligatorios en el texto impreso.
OCR-9614,2026-09-12 14:09:00,BAT-5157,PROD_06,"GLUTEN,LECHE,HUEVO","GLUTEN,LECHE,HUEVO","INGREDIENTES: Harina de trigo, azúcar, aceites vegetales. Contiene: GLUTEN, LECHE, HUEVO. Conservar en lugar fresco.",PASS,Etiqueta conforme. Alérgenos declarados y resaltados.
OCR-9615,2026-09-12 12:57:00,BAT-5157,PROD_06,"GLUTEN,LECHE,HUEVO","GLUTEN,LECHE,HUEVO","INGREDIENTES: Harina de trigo, azúcar, aceites vegetales. Contiene: GLUTEN, LECHE, HUEVO. Conservar en lugar fresco.",PASS,Etiqueta conforme. Alérgenos declarados y resaltados.
OCR-9616,2026-09-12 15:29:00,BAT-5157,PROD_06,"GLUTEN,LECHE,HUEVO","GLUTEN,LECHE,HUEVO","INGREDIENTES: Harina de trigo, azúcar, aceites vegetales. Contiene: GLUTEN, LECHE, HUEVO. Conservar en lugar fresco.",PASS,Etiqueta conforme. Alérgenos declarados y resaltados.
OCR-9617,2026-09-12 07:50:00,BAT-5158,PROD_01,GLUTEN,GLUTEN,"INGREDIENTES: Harina de trigo, azúcar, aceites vegetales. Contiene: GLUTEN. Conservar en lugar fresco.",PASS,Etiqueta conforme. Alérgenos declarados y resaltados.
OCR-9618,2026-09-12 09:07:00,BAT-5158,PROD_01,GLUTEN,GLUTEN,"INGREDIENTES: Harina de trigo, azúcar, aceites vegetales. Contiene: GLUTEN. Conservar en lugar fresco.",PASS,Etiqueta conforme. Alérgenos declarados y resaltados.
OCR-9619,2026-09-12 07:53:00,BAT-5158,PROD_01,GLUTEN,GLUTEN,"INGREDIENTES: Harina de trigo, azúcar, aceites vegetales. Contiene: GLUTEN. Conservar en lugar fresco.",PASS,Etiqueta conforme. Alérgenos declarados y resaltados.
OCR-9620,2026-09-12 09:42:00,BAT-5158,PROD_01,GLUTEN,GLUTEN,"INGREDIENTES: Harina de trigo, azúcar, aceites vegetales. Contiene: GLUTEN. Conservar en lugar fresco.",PASS,Etiqueta conforme. Alérgenos declarados y resaltados.
OCR-9621,2026-09-12 12:19:00,BAT-5159,PROD_02,"GLUTEN,SÉSAMO","GLUTEN,SÉSAMO","INGREDIENTES: Harina de trigo, azúcar, aceites vegetales. Contiene: GLUTEN, SÉSAMO. Conservar en lugar fresco.",PASS,Etiqueta conforme. Alérgenos declarados y resaltados.
OCR-9622,2026-09-12 12:23:00,BAT-5159,PROD_02,"GLUTEN,SÉSAMO","GLUTEN,SÉSAMO","INGREDIENTES: Harina de trigo, azúcar, aceites vegetales. Contiene: GLUTEN, SÉSAMO. Conservar en lugar fresco.",PASS,Etiqueta conforme. Alérgenos declarados y resaltados.
OCR-9623,2026-09-12 12:46:00,BAT-5159,PROD_02,"GLUTEN,SÉSAMO","GLUTEN,SÉSAMO","INGREDIENTES: Harina de trigo, azúcar, aceites vegetales. Contiene: GLUTEN, SÉSAMO. Conservar en lugar fresco.",PASS,Etiqueta conforme. Alérgenos declarados y resaltados.
OCR-9624,2026-09-12 13:42:00,BAT-5159,PROD_02,"GLUTEN,SÉSAMO","GLUTEN,SÉSAMO","INGREDIENTES: Harina de trigo, azúcar, aceites vegetales. Contiene: GLUTEN, SÉSAMO. Conservar en lugar fresco.",PASS,Etiqueta conforme. Alérgenos declarados y resaltados.
OCR-9625,2026-09-12 18:49:00,BAT-5160,PROD_03,"GLUTEN,LECHE,SOJA","GLUTEN,LECHE,SOJA","INGREDIENTES: Harina de trigo, azúcar, aceites vegetales. Contiene: GLUTEN, LECHE, SOJA. Conservar en lugar fresco.",PASS,Etiqueta conforme. Alérgenos declarados y resaltados.
OCR-9626,2026-09-12 18:19:00,BAT-5160,PROD_03,"GLUTEN,LECHE,SOJA","GLUTEN,LECHE,SOJA","INGREDIENTES: Harina de trigo, azúcar, aceites vegetales. Contiene: GLUTEN, LECHE, SOJA. Conservar en lugar fresco.",PASS,Etiqueta conforme. Alérgenos declarados y resaltados.
OCR-9627,2026-09-12 20:00:00,BAT-5160,PROD_03,"GLUTEN,LECHE,SOJA","GLUTEN,LECHE,SOJA","INGREDIENTES: Harina de trigo, azúcar, aceites vegetales. Contiene: GLUTEN, LECHE, SOJA. Conservar en lugar fresco.",PASS,Etiqueta conforme. Alérgenos declarados y resaltados.
OCR-9628,2026-09-12 22:47:00,BAT-5161,PROD_05,"GLUTEN,CACAHUETE,SOJA","GLUTEN,CACAHUETE,SOJA","INGREDIENTES: Harina de trigo, azúcar, aceites vegetales. Contiene: GLUTEN, CACAHUETE, SOJA. Conservar en lugar fresco.",PASS,Etiqueta conforme. Alérgenos declarados y resaltados.
OCR-9629,2026-09-12 21:30:00,BAT-5161,PROD_05,"GLUTEN,CACAHUETE,SOJA","GLUTEN,CACAHUETE,SOJA","INGREDIENTES: Harina de trigo, azúcar, aceites vegetales. Contiene: GLUTEN, CACAHUETE, SOJA. Conservar en lugar fresco.",PASS,Etiqueta conforme. Alérgenos declarados y resaltados.
OCR-9630,2026-09-12 23:14:00,BAT-5161,PROD_05,"GLUTEN,CACAHUETE,SOJA","GLUTEN,CACAHUETE,SOJA","INGREDIENTES: Harina de trigo, azúcar, aceites vegetales. Contiene: GLUTEN, CACAHUETE, SOJA. Conservar en lugar fresco.",PASS,Etiqueta conforme. Alérgenos declarados y resaltados.
OCR-9631,2026-09-12 22:58:00,BAT-5161,PROD_05,"GLUTEN,CACAHUETE,SOJA","GLUTEN,CACAHUETE,SOJA","INGREDIENTES: Harina de trigo, azúcar, aceites vegetales. Contiene: GLUTEN, CACAHUETE, SOJA. Conservar en lugar fresco.",PASS,Etiqueta conforme. Alérgenos declarados y resaltados.
OCR-9632,2026-09-13 00:15:00,BAT-5161,PROD_05,"GLUTEN,CACAHUETE,SOJA","GLUTEN,CACAHUETE,SOJA","INGREDIENTES: Harina de trigo, azúcar, aceites vegetales. Contiene: GLUTEN, CACAHUETE, SOJA. Conservar en lugar fresco.",PASS,Etiqueta conforme. Alérgenos declarados y resaltados.
OCR-9633,2026-09-12 09:47:00,BAT-5162,PROD_02,"GLUTEN,SÉSAMO","GLUTEN,SÉSAMO","INGREDIENTES: Harina de trigo, azúcar, aceites vegetales. Contiene: GLUTEN, SÉSAMO. Conservar en lugar fresco.",PASS,Etiqueta conforme. Alérgenos declarados y resaltados.
OCR-9634,2026-09-12 10:16:00,BAT-5162,PROD_02,"GLUTEN,SÉSAMO","GLUTEN,SÉSAMO","INGREDIENTES: Harina de trigo, azúcar, aceites vegetales. Contiene: GLUTEN, SÉSAMO. Conservar en lugar fresco.",PASS,Etiqueta conforme. Alérgenos declarados y resaltados.
OCR-9635,2026-09-12 08:06:00,BAT-5162,PROD_02,"GLUTEN,SÉSAMO","GLUTEN,SÉSAMO","INGREDIENTES: Harina de trigo, azúcar, aceites vegetales. Contiene: GLUTEN, SÉSAMO. Conservar en lugar fresco.",PASS,Etiqueta conforme. Alérgenos declarados y resaltados.
OCR-9636,2026-09-12 06:56:00,BAT-5162,PROD_02,"GLUTEN,SÉSAMO","GLUTEN,SÉSAMO","INGREDIENTES: Harina de trigo, azúcar, aceites vegetales. Contiene: GLUTEN, SÉSAMO. Conservar en lugar fresco.",PASS,Etiqueta conforme. Alérgenos declarados y resaltados.
OCR-9637,2026-09-12 14:40:00,BAT-5163,PROD_06,"GLUTEN,LECHE,HUEVO","GLUTEN,LECHE,HUEVO","INGREDIENTES: Harina de trigo, azúcar, aceites vegetales. Contiene: GLUTEN, LECHE, HUEVO. Conservar en lugar fresco.",PASS,Etiqueta conforme. Alérgenos declarados y resaltados.
OCR-9638,2026-09-12 12:32:00,BAT-5163,PROD_06,"GLUTEN,LECHE,HUEVO","GLUTEN,LECHE,HUEVO","INGREDIENTES: Harina de trigo, azúcar, aceites vegetales. Contiene: GLUTEN, LECHE, HUEVO. Conservar en lugar fresco.",PASS,Etiqueta conforme. Alérgenos declarados y resaltados.
OCR-9639,2026-09-12 15:53:00,BAT-5163,PROD_06,"GLUTEN,LECHE,HUEVO","GLUTEN,LECHE,HUEVO","INGREDIENTES: Harina de trigo, azúcar, aceites vegetales. Contiene: GLUTEN, LECHE, HUEVO. Conservar en lugar fresco.",PASS,Etiqueta conforme. Alérgenos declarados y resaltados.
OCR-9640,2026-09-12 12:51:00,BAT-5163,PROD_06,"GLUTEN,LECHE,HUEVO","GLUTEN,LECHE,HUEVO","INGREDIENTES: Harina de trigo, azúcar, aceites vegetales. Contiene: GLUTEN, LECHE, HUEVO. Conservar en lugar fresco.",PASS,Etiqueta conforme. Alérgenos declarados y resaltados.
OCR-9641,2026-09-12 16:01:00,BAT-5163,PROD_06,"GLUTEN,LECHE,HUEVO","GLUTEN,LECHE,HUEVO","INGREDIENTES: Harina de trigo, azúcar, aceites vegetales. Contiene: GLUTEN, LECHE, HUEVO. Conservar en lugar fresco.",PASS,Etiqueta conforme. Alérgenos declarados y resaltados.
OCR-9642,2026-09-12 21:05:00,BAT-5164,PROD_04,"GLUTEN,LECHE,SOJA,AVELLANA","GLUTEN,LECHE,SOJA,AVELLANA","INGREDIENTES: Harina de trigo, azúcar, aceites vegetales. Contiene: GLUTEN, LECHE, SOJA, AVELLANA. Conservar en lugar fresco.",PASS,Etiqueta conforme. Alérgenos declarados y resaltados.
OCR-9643,2026-09-12 21:16:00,BAT-5164,PROD_04,"GLUTEN,LECHE,SOJA,AVELLANA","GLUTEN,LECHE,SOJA,AVELLANA","INGREDIENTES: Harina de trigo, azúcar, aceites vegetales. Contiene: GLUTEN, LECHE, SOJA, AVELLANA. Conservar en lugar fresco.",PASS,Etiqueta conforme. Alérgenos declarados y resaltados.
OCR-9644,2026-09-12 17:23:00,BAT-5164,PROD_04,"GLUTEN,LECHE,SOJA,AVELLANA","GLUTEN,LECHE,SOJA,AVELLANA","INGREDIENTES: Harina de trigo, azúcar, aceites vegetales. Contiene: GLUTEN, LECHE, SOJA, AVELLANA. Conservar en lugar fresco.",PASS,Etiqueta conforme. Alérgenos declarados y resaltados.
OCR-9645,2026-09-12 09:14:00,BAT-5165,PROD_03,"GLUTEN,LECHE,SOJA","GLUTEN,LECHE,SOJA","INGREDIENTES: Harina de trigo, azúcar, aceites vegetales. Contiene: GLUTEN, LECHE, SOJA. Conservar en lugar fresco.",PASS,Etiqueta conforme. Alérgenos declarados y resaltados.
OCR-9646,2026-09-12 06:30:00,BAT-5165,PROD_03,"GLUTEN,LECHE,SOJA","GLUTEN,LECHE","INGREDIENTES: Harina de trigo, azúcar, aceites vegetales. Contiene: GLUTEN, LECHE. Conservar en lugar fresco.",FAIL_MISSING_ALLERGEN,ALERTA: Faltan alérgenos obligatorios en el texto impreso.
OCR-9647,2026-09-12 06:32:00,BAT-5165,PROD_03,"GLUTEN,LECHE,SOJA",,"INGREDIENTES: Harina de trigo, azúcar, aceites vegetales. Contiene: . Conservar en lugar fresco.",FAIL_OCR_UNREADABLE,Error de lectura OCR: Código de barras o texto borroso.
OCR-9648,2026-09-12 08:15:00,BAT-5165,PROD_03,"GLUTEN,LECHE,SOJA","GLUTEN,LECHE,SOJA","INGREDIENTES: Harina de trigo, azúcar, aceites vegetales. Contiene: GLUTEN, LECHE, SOJA. Conservar en lugar fresco.",PASS,Etiqueta conforme. Alérgenos declarados y resaltados.
OCR-9649,2026-09-12 13:51:00,BAT-5166,PROD_01,GLUTEN,GLUTEN,"INGREDIENTES: Harina de trigo, azúcar, aceites vegetales. Contiene: GLUTEN. Conservar en lugar fresco.",PASS,Etiqueta conforme. Alérgenos declarados y resaltados.
OCR-9650,2026-09-12 13:19:00,BAT-5166,PROD_01,GLUTEN,,"INGREDIENTES: Harina de trigo, azúcar, aceites vegetales. Contiene: . Conservar en lugar fresco.",FAIL_OCR_UNREADABLE,Error de lectura OCR: Código de barras o texto borroso.
OCR-9651,2026-09-12 13:20:00,BAT-5166,PROD_01,GLUTEN,,"INGREDIENTES: Harina de trigo, azúcar, aceites vegetales. Contiene: . Conservar en lugar fresco.",FAIL_MISSING_ALLERGEN,ALERTA: Faltan alérgenos obligatorios en el texto impreso.
OCR-9652,2026-09-12 16:49:00,BAT-5167,PROD_02,"GLUTEN,SÉSAMO","GLUTEN,SÉSAMO","INGREDIENTES: Harina de trigo, azúcar, aceites vegetales. Contiene: GLUTEN, SÉSAMO. Conservar en lugar fresco.",PASS,Etiqueta conforme. Alérgenos declarados y resaltados.
OCR-9653,2026-09-12 16:31:00,BAT-5167,PROD_02,"GLUTEN,SÉSAMO","GLUTEN,SÉSAMO","INGREDIENTES: Harina de trigo, azúcar, aceites vegetales. Contiene: GLUTEN, SÉSAMO. Conservar en lugar fresco.",PASS,Etiqueta conforme. Alérgenos declarados y resaltados.
OCR-9654,2026-09-12 17:49:00,BAT-5167,PROD_02,"GLUTEN,SÉSAMO",GLUTEN,"INGREDIENTES: Harina de trigo, azúcar, aceites vegetales. Contiene: GLUTEN. Conservar en lugar fresco.",FAIL_MISSING_ALLERGEN,ALERTA: Faltan alérgenos obligatorios en el texto impreso.
OCR-9655,2026-09-12 17:13:00,BAT-5167,PROD_02,"GLUTEN,SÉSAMO","GLUTEN,SÉSAMO","INGREDIENTES: Harina de trigo, azúcar, aceites vegetales. Contiene: GLUTEN, SÉSAMO. Conservar en lugar fresco.",PASS,Etiqueta conforme. Alérgenos declarados y resaltados.
OCR-9656,2026-09-12 20:00:00,BAT-5168,PROD_06,"GLUTEN,LECHE,HUEVO",,"INGREDIENTES: Harina de trigo, azúcar, aceites vegetales. Contiene: . Conservar en lugar fresco.",FAIL_OCR_UNREADABLE,Error de lectura OCR: Código de barras o texto borroso.
OCR-9657,2026-09-12 20:55:00,BAT-5168,PROD_06,"GLUTEN,LECHE,HUEVO","GLUTEN,LECHE,HUEVO","INGREDIENTES: Harina de trigo, azúcar, aceites vegetales. Contiene: GLUTEN, LECHE, HUEVO. Conservar en lugar fresco.",PASS,Etiqueta conforme. Alérgenos declarados y resaltados.
OCR-9658,2026-09-12 22:21:00,BAT-5168,PROD_06,"GLUTEN,LECHE,HUEVO",,"INGREDIENTES: Harina de trigo, azúcar, aceites vegetales. Contiene: . Conservar en lugar fresco.",FAIL_OCR_UNREADABLE,Error de lectura OCR: Código de barras o texto borroso.
OCR-9659,2026-09-13 06:43:00,BAT-5169,PROD_02,"GLUTEN,SÉSAMO","GLUTEN,SÉSAMO","INGREDIENTES: Harina de trigo, azúcar, aceites vegetales. Contiene: GLUTEN, SÉSAMO. Conservar en lugar fresco.",PASS,Etiqueta conforme. Alérgenos declarados y resaltados.
OCR-9660,2026-09-13 08:02:00,BAT-5169,PROD_02,"GLUTEN,SÉSAMO","GLUTEN,SÉSAMO","INGREDIENTES: Harina de trigo, azúcar, aceites vegetales. Contiene: GLUTEN, SÉSAMO. Conservar en lugar fresco.",PASS,Etiqueta conforme. Alérgenos declarados y resaltados.
OCR-9661,2026-09-13 06:19:00,BAT-5169,PROD_02,"GLUTEN,SÉSAMO","GLUTEN,SÉSAMO","INGREDIENTES: Harina de trigo, azúcar, aceites vegetales. Contiene: GLUTEN, SÉSAMO. Conservar en lugar fresco.",PASS,Etiqueta conforme. Alérgenos declarados y resaltados.
OCR-9662,2026-09-13 06:32:00,BAT-5169,PROD_02,"GLUTEN,SÉSAMO","GLUTEN,SÉSAMO","INGREDIENTES: Harina de trigo, azúcar, aceites vegetales. Contiene: GLUTEN, SÉSAMO. Conservar en lugar fresco.",PASS,Etiqueta conforme. Alérgenos declarados y resaltados.
OCR-9663,2026-09-13 06:23:00,BAT-5169,PROD_02,"GLUTEN,SÉSAMO","GLUTEN,SÉSAMO","INGREDIENTES: Harina de trigo, azúcar, aceites vegetales. Contiene: GLUTEN, SÉSAMO. Conservar en lugar fresco.",PASS,Etiqueta conforme. Alérgenos declarados y resaltados.
OCR-9664,2026-09-13 09:59:00,BAT-5170,PROD_03,"GLUTEN,LECHE,SOJA","GLUTEN,LECHE,SOJA","INGREDIENTES: Harina de trigo, azúcar, aceites vegetales. Contiene: GLUTEN, LECHE, SOJA. Conservar en lugar fresco.",PASS,Etiqueta conforme. Alérgenos declarados y resaltados.
OCR-9665,2026-09-13 09:57:00,BAT-5170,PROD_03,"GLUTEN,LECHE,SOJA","GLUTEN,LECHE,SOJA","INGREDIENTES: Harina de trigo, azúcar, aceites vegetales. Contiene: GLUTEN, LECHE, SOJA. Conservar en lugar fresco.",PASS,Etiqueta conforme. Alérgenos declarados y resaltados.
OCR-9666,2026-09-13 11:34:00,BAT-5170,PROD_03,"GLUTEN,LECHE,SOJA","GLUTEN,LECHE,SOJA","INGREDIENTES: Harina de trigo, azúcar, aceites vegetales. Contiene: GLUTEN, LECHE, SOJA. Conservar en lugar fresco.",PASS,Etiqueta conforme. Alérgenos declarados y resaltados.
OCR-9667,2026-09-13 10:03:00,BAT-5170,PROD_03,"GLUTEN,LECHE,SOJA","GLUTEN,LECHE,SOJA","INGREDIENTES: Harina de trigo, azúcar, aceites vegetales. Contiene: GLUTEN, LECHE, SOJA. Conservar en lugar fresco.",PASS,Etiqueta conforme. Alérgenos declarados y resaltados.
OCR-9668,2026-09-13 12:03:00,BAT-5170,PROD_03,"GLUTEN,LECHE,SOJA","GLUTEN,LECHE,SOJA","INGREDIENTES: Harina de trigo, azúcar, aceites vegetales. Contiene: GLUTEN, LECHE, SOJA. Conservar en lugar fresco.",PASS,Etiqueta conforme. Alérgenos declarados y resaltados.
OCR-9669,2026-09-13 17:38:00,BAT-5171,PROD_04,"GLUTEN,LECHE,SOJA,AVELLANA","GLUTEN,LECHE,SOJA,AVELLANA","INGREDIENTES: Harina de trigo, azúcar, aceites vegetales. Contiene: GLUTEN, LECHE, SOJA, AVELLANA. Conservar en lugar fresco.",PASS,Etiqueta conforme. Alérgenos declarados y resaltados.
OCR-9670,2026-09-13 17:39:00,BAT-5171,PROD_04,"GLUTEN,LECHE,SOJA,AVELLANA","GLUTEN,LECHE,SOJA,AVELLANA","INGREDIENTES: Harina de trigo, azúcar, aceites vegetales. Contiene: GLUTEN, LECHE, SOJA, AVELLANA. Conservar en lugar fresco.",PASS,Etiqueta conforme. Alérgenos declarados y resaltados.
OCR-9671,2026-09-13 16:08:00,BAT-5171,PROD_04,"GLUTEN,LECHE,SOJA,AVELLANA",,"INGREDIENTES: Harina de trigo, azúcar, aceites vegetales. Contiene: . Conservar en lugar fresco.",FAIL_OCR_UNREADABLE,Error de lectura OCR: Código de barras o texto borroso.
OCR-9672,2026-09-13 19:21:00,BAT-5171,PROD_04,"GLUTEN,LECHE,SOJA,AVELLANA","GLUTEN,LECHE,SOJA,AVELLANA","INGREDIENTES: Harina de trigo, azúcar, aceites vegetales. Contiene: GLUTEN, LECHE, SOJA, AVELLANA. Conservar en lugar fresco.",PASS,Etiqueta conforme. Alérgenos declarados y resaltados.
OCR-9673,2026-09-13 17:28:00,BAT-5171,PROD_04,"GLUTEN,LECHE,SOJA,AVELLANA","GLUTEN,LECHE,SOJA,AVELLANA","INGREDIENTES: Harina de trigo, azúcar, aceites vegetales. Contiene: GLUTEN, LECHE, SOJA, AVELLANA. Conservar en lugar fresco.",PASS,Etiqueta conforme. Alérgenos declarados y resaltados.
OCR-9674,2026-09-13 08:16:00,BAT-5172,PROD_01,GLUTEN,GLUTEN,"INGREDIENTES: Harina de trigo, azúcar, aceites vegetales. Contiene: GLUTEN. Conservar en lugar fresco.",PASS,Etiqueta conforme. Alérgenos declarados y resaltados.
OCR-9675,2026-09-13 07:12:00,BAT-5172,PROD_01,GLUTEN,GLUTEN,"INGREDIENTES: Harina de trigo, azúcar, aceites vegetales. Contiene: GLUTEN. Conservar en lugar fresco.",PASS,Etiqueta conforme. Alérgenos declarados y resaltados.
OCR-9676,2026-09-13 06:51:00,BAT-5172,PROD_01,GLUTEN,GLUTEN,"INGREDIENTES: Harina de trigo, azúcar, aceites vegetales. Contiene: GLUTEN. Conservar en lugar fresco.",PASS,Etiqueta conforme. Alérgenos declarados y resaltados.
OCR-9677,2026-09-13 06:29:00,BAT-5172,PROD_01,GLUTEN,GLUTEN,"INGREDIENTES: Harina de trigo, azúcar, aceites vegetales. Contiene: GLUTEN. Conservar en lugar fresco.",PASS,Etiqueta conforme. Alérgenos declarados y resaltados.
OCR-9678,2026-09-13 08:01:00,BAT-5172,PROD_01,GLUTEN,GLUTEN,"INGREDIENTES: Harina de trigo, azúcar, aceites vegetales. Contiene: GLUTEN. Conservar en lugar fresco.",PASS,Etiqueta conforme. Alérgenos declarados y resaltados.
OCR-9679,2026-09-13 10:37:00,BAT-5173,PROD_06,"GLUTEN,LECHE,HUEVO","GLUTEN,LECHE,HUEVO","INGREDIENTES: Harina de trigo, azúcar, aceites vegetales. Contiene: GLUTEN, LECHE, HUEVO. Conservar en lugar fresco.",PASS,Etiqueta conforme. Alérgenos declarados y resaltados.
OCR-9680,2026-09-13 10:59:00,BAT-5173,PROD_06,"GLUTEN,LECHE,HUEVO","GLUTEN,LECHE,HUEVO","INGREDIENTES: Harina de trigo, azúcar, aceites vegetales. Contiene: GLUTEN, LECHE, HUEVO. Conservar en lugar fresco.",PASS,Etiqueta conforme. Alérgenos declarados y resaltados.
OCR-9681,2026-09-13 11:30:00,BAT-5173,PROD_06,"GLUTEN,LECHE,HUEVO","GLUTEN,LECHE,HUEVO","INGREDIENTES: Harina de trigo, azúcar, aceites vegetales. Contiene: GLUTEN, LECHE, HUEVO. Conservar en lugar fresco.",PASS,Etiqueta conforme. Alérgenos declarados y resaltados.
OCR-9682,2026-09-13 09:58:00,BAT-5173,PROD_06,"GLUTEN,LECHE,HUEVO","GLUTEN,LECHE,HUEVO","INGREDIENTES: Harina de trigo, azúcar, aceites vegetales. Contiene: GLUTEN, LECHE, HUEVO. Conservar en lugar fresco.",PASS,Etiqueta conforme. Alérgenos declarados y resaltados.
OCR-9683,2026-09-13 14:03:00,BAT-5174,PROD_05,"GLUTEN,CACAHUETE,SOJA","GLUTEN,CACAHUETE,SOJA","INGREDIENTES: Harina de trigo, azúcar, aceites vegetales. Contiene: GLUTEN, CACAHUETE, SOJA. Conservar en lugar fresco.",PASS,Etiqueta conforme. Alérgenos declarados y resaltados.
OCR-9684,2026-09-13 13:05:00,BAT-5174,PROD_05,"GLUTEN,CACAHUETE,SOJA","GLUTEN,CACAHUETE,SOJA","INGREDIENTES: Harina de trigo, azúcar, aceites vegetales. Contiene: GLUTEN, CACAHUETE, SOJA. Conservar en lugar fresco.",PASS,Etiqueta conforme. Alérgenos declarados y resaltados.
OCR-9685,2026-09-13 13:43:00,BAT-5174,PROD_05,"GLUTEN,CACAHUETE,SOJA","GLUTEN,CACAHUETE,SOJA","INGREDIENTES: Harina de trigo, azúcar, aceites vegetales. Contiene: GLUTEN, CACAHUETE, SOJA. Conservar en lugar fresco.",PASS,Etiqueta conforme. Alérgenos declarados y resaltados.
OCR-9686,2026-09-13 18:06:00,BAT-5175,PROD_04,"GLUTEN,LECHE,SOJA,AVELLANA","GLUTEN,LECHE,SOJA,AVELLANA","INGREDIENTES: Harina de trigo, azúcar, aceites vegetales. Contiene: GLUTEN, LECHE, SOJA, AVELLANA. Conservar en lugar fresco.",PASS,Etiqueta conforme. Alérgenos declarados y resaltados.
OCR-9687,2026-09-13 19:05:00,BAT-5175,PROD_04,"GLUTEN,LECHE,SOJA,AVELLANA","GLUTEN,LECHE,SOJA,AVELLANA","INGREDIENTES: Harina de trigo, azúcar, aceites vegetales. Contiene: GLUTEN, LECHE, SOJA, AVELLANA. Conservar en lugar fresco.",PASS,Etiqueta conforme. Alérgenos declarados y resaltados.
OCR-9688,2026-09-13 16:22:00,BAT-5175,PROD_04,"GLUTEN,LECHE,SOJA,AVELLANA","GLUTEN,LECHE,SOJA,AVELLANA","INGREDIENTES: Harina de trigo, azúcar, aceites vegetales. Contiene: GLUTEN, LECHE, SOJA, AVELLANA. Conservar en lugar fresco.",PASS,Etiqueta conforme. Alérgenos declarados y resaltados.
OCR-9689,2026-09-13 17:52:00,BAT-5175,PROD_04,"GLUTEN,LECHE,SOJA,AVELLANA","GLUTEN,LECHE,SOJA","INGREDIENTES: Harina de trigo, azúcar, aceites vegetales. Contiene: GLUTEN, LECHE, SOJA. Conservar en lugar fresco.",FAIL_MISSING_ALLERGEN,ALERTA: Faltan alérgenos obligatorios en el texto impreso.
OCR-9690,2026-09-13 17:15:00,BAT-5175,PROD_04,"GLUTEN,LECHE,SOJA,AVELLANA","GLUTEN,LECHE,SOJA,AVELLANA","INGREDIENTES: Harina de trigo, azúcar, aceites vegetales. Contiene: GLUTEN, LECHE, SOJA, AVELLANA. Conservar en lugar fresco.",PASS,Etiqueta conforme. Alérgenos declarados y resaltados.
OCR-9691,2026-09-13 10:13:00,BAT-5176,PROD_02,"GLUTEN,SÉSAMO","GLUTEN,SÉSAMO","INGREDIENTES: Harina de trigo, azúcar, aceites vegetales. Contiene: GLUTEN, SÉSAMO. Conservar en lugar fresco.",PASS,Etiqueta conforme. Alérgenos declarados y resaltados.
OCR-9692,2026-09-13 10:15:00,BAT-5176,PROD_02,"GLUTEN,SÉSAMO","GLUTEN,SÉSAMO","INGREDIENTES: Harina de trigo, azúcar, aceites vegetales. Contiene: GLUTEN, SÉSAMO. Conservar en lugar fresco.",PASS,Etiqueta conforme. Alérgenos declarados y resaltados.
OCR-9693,2026-09-13 08:58:00,BAT-5176,PROD_02,"GLUTEN,SÉSAMO","GLUTEN,SÉSAMO","INGREDIENTES: Harina de trigo, azúcar, aceites vegetales. Contiene: GLUTEN, SÉSAMO. Conservar en lugar fresco.",PASS,Etiqueta conforme. Alérgenos declarados y resaltados.
OCR-9694,2026-09-13 09:24:00,BAT-5176,PROD_02,"GLUTEN,SÉSAMO","GLUTEN,SÉSAMO","INGREDIENTES: Harina de trigo, azúcar, aceites vegetales. Contiene: GLUTEN, SÉSAMO. Conservar en lugar fresco.",PASS,Etiqueta conforme. Alérgenos declarados y resaltados.
OCR-9695,2026-09-13 12:31:00,BAT-5177,PROD_06,"GLUTEN,LECHE,HUEVO","GLUTEN,LECHE,HUEVO","INGREDIENTES: Harina de trigo, azúcar, aceites vegetales. Contiene: GLUTEN, LECHE, HUEVO. Conservar en lugar fresco.",PASS,Etiqueta conforme. Alérgenos declarados y resaltados.
OCR-9696,2026-09-13 11:39:00,BAT-5177,PROD_06,"GLUTEN,LECHE,HUEVO","GLUTEN,LECHE,HUEVO","INGREDIENTES: Harina de trigo, azúcar, aceites vegetales. Contiene: GLUTEN, LECHE, HUEVO. Conservar en lugar fresco.",PASS,Etiqueta conforme. Alérgenos declarados y resaltados.
OCR-9697,2026-09-13 14:04:00,BAT-5177,PROD_06,"GLUTEN,LECHE,HUEVO","GLUTEN,LECHE,HUEVO","INGREDIENTES: Harina de trigo, azúcar, aceites vegetales. Contiene: GLUTEN, LECHE, HUEVO. Conservar en lugar fresco.",PASS,Etiqueta conforme. Alérgenos declarados y resaltados.
OCR-9698,2026-09-13 13:21:00,BAT-5177,PROD_06,"GLUTEN,LECHE,HUEVO","GLUTEN,LECHE,HUEVO","INGREDIENTES: Harina de trigo, azúcar, aceites vegetales. Contiene: GLUTEN, LECHE, HUEVO. Conservar en lugar fresco.",PASS,Etiqueta conforme. Alérgenos declarados y resaltados.
OCR-9699,2026-09-13 12:25:00,BAT-5177,PROD_06,"GLUTEN,LECHE,HUEVO","GLUTEN,LECHE,HUEVO","INGREDIENTES: Harina de trigo, azúcar, aceites vegetales. Contiene: GLUTEN, LECHE, HUEVO. Conservar en lugar fresco.",PASS,Etiqueta conforme. Alérgenos declarados y resaltados.
OCR-9700,2026-09-13 15:57:00,BAT-5178,PROD_03,"GLUTEN,LECHE,SOJA","GLUTEN,LECHE,SOJA","INGREDIENTES: Harina de trigo, azúcar, aceites vegetales. Contiene: GLUTEN, LECHE, SOJA. Conservar en lugar fresco.",PASS,Etiqueta conforme. Alérgenos declarados y resaltados.
OCR-9701,2026-09-13 17:42:00,BAT-5178,PROD_03,"GLUTEN,LECHE,SOJA","GLUTEN,LECHE","INGREDIENTES: Harina de trigo, azúcar, aceites vegetales. Contiene: GLUTEN, LECHE. Conservar en lugar fresco.",FAIL_MISSING_ALLERGEN,ALERTA: Faltan alérgenos obligatorios en el texto impreso.
OCR-9702,2026-09-13 16:21:00,BAT-5178,PROD_03,"GLUTEN,LECHE,SOJA","GLUTEN,LECHE,SOJA","INGREDIENTES: Harina de trigo, azúcar, aceites vegetales. Contiene: GLUTEN, LECHE, SOJA. Conservar en lugar fresco.",PASS,Etiqueta conforme. Alérgenos declarados y resaltados.
OCR-9703,2026-09-13 18:25:00,BAT-5178,PROD_03,"GLUTEN,LECHE,SOJA","GLUTEN,LECHE,SOJA","INGREDIENTES: Harina de trigo, azúcar, aceites vegetales. Contiene: GLUTEN, LECHE, SOJA. Conservar en lugar fresco.",PASS,Etiqueta conforme. Alérgenos declarados y resaltados.
OCR-9704,2026-09-13 18:00:00,BAT-5178,PROD_03,"GLUTEN,LECHE,SOJA","GLUTEN,LECHE,SOJA","INGREDIENTES: Harina de trigo, azúcar, aceites vegetales. Contiene: GLUTEN, LECHE, SOJA. Conservar en lugar fresco.",PASS,Etiqueta conforme. Alérgenos declarados y resaltados.
OCR-9705,2026-09-13 19:58:00,BAT-5179,PROD_04,"GLUTEN,LECHE,SOJA,AVELLANA","GLUTEN,LECHE,SOJA,AVELLANA","INGREDIENTES: Harina de trigo, azúcar, aceites vegetales. Contiene: GLUTEN, LECHE, SOJA, AVELLANA. Conservar en lugar fresco.",PASS,Etiqueta conforme. Alérgenos declarados y resaltados.
OCR-9706,2026-09-13 20:45:00,BAT-5179,PROD_04,"GLUTEN,LECHE,SOJA,AVELLANA","GLUTEN,LECHE,SOJA,AVELLANA","INGREDIENTES: Harina de trigo, azúcar, aceites vegetales. Contiene: GLUTEN, LECHE, SOJA, AVELLANA. Conservar en lugar fresco.",PASS,Etiqueta conforme. Alérgenos declarados y resaltados.
OCR-9707,2026-09-13 22:19:00,BAT-5179,PROD_04,"GLUTEN,LECHE,SOJA,AVELLANA","GLUTEN,LECHE,SOJA,AVELLANA","INGREDIENTES: Harina de trigo, azúcar, aceites vegetales. Contiene: GLUTEN, LECHE, SOJA, AVELLANA. Conservar en lugar fresco.",PASS,Etiqueta conforme. Alérgenos declarados y resaltados.
OCR-9708,2026-09-13 20:02:00,BAT-5179,PROD_04,"GLUTEN,LECHE,SOJA,AVELLANA","GLUTEN,LECHE,SOJA,AVELLANA","INGREDIENTES: Harina de trigo, azúcar, aceites vegetales. Contiene: GLUTEN, LECHE, SOJA, AVELLANA. Conservar en lugar fresco.",PASS,Etiqueta conforme. Alérgenos declarados y resaltados.
OCR-9709,2026-09-13 08:24:00,BAT-5180,PROD_01,GLUTEN,GLUTEN,"INGREDIENTES: Harina de trigo, azúcar, aceites vegetales. Contiene: GLUTEN. Conservar en lugar fresco.",PASS,Etiqueta conforme. Alérgenos declarados y resaltados.
OCR-9710,2026-09-13 06:30:00,BAT-5180,PROD_01,GLUTEN,GLUTEN,"INGREDIENTES: Harina de trigo, azúcar, aceites vegetales. Contiene: GLUTEN. Conservar en lugar fresco.",PASS,Etiqueta conforme. Alérgenos declarados y resaltados.
OCR-9711,2026-09-13 08:18:00,BAT-5180,PROD_01,GLUTEN,GLUTEN,"INGREDIENTES: Harina de trigo, azúcar, aceites vegetales. Contiene: GLUTEN. Conservar en lugar fresco.",PASS,Etiqueta conforme. Alérgenos declarados y resaltados.
OCR-9712,2026-09-13 11:51:00,BAT-5181,PROD_02,"GLUTEN,SÉSAMO","GLUTEN,SÉSAMO","INGREDIENTES: Harina de trigo, azúcar, aceites vegetales. Contiene: GLUTEN, SÉSAMO. Conservar en lugar fresco.",PASS,Etiqueta conforme. Alérgenos declarados y resaltados.
OCR-9713,2026-09-13 09:38:00,BAT-5181,PROD_02,"GLUTEN,SÉSAMO","GLUTEN,SÉSAMO","INGREDIENTES: Harina de trigo, azúcar, aceites vegetales. Contiene: GLUTEN, SÉSAMO. Conservar en lugar fresco.",PASS,Etiqueta conforme. Alérgenos declarados y resaltados.
OCR-9714,2026-09-13 10:45:00,BAT-5181,PROD_02,"GLUTEN,SÉSAMO","GLUTEN,SÉSAMO","INGREDIENTES: Harina de trigo, azúcar, aceites vegetales. Contiene: GLUTEN, SÉSAMO. Conservar en lugar fresco.",PASS,Etiqueta conforme. Alérgenos declarados y resaltados.
OCR-9715,2026-09-13 15:03:00,BAT-5182,PROD_06,"GLUTEN,LECHE,HUEVO","GLUTEN,LECHE,HUEVO","INGREDIENTES: Harina de trigo, azúcar, aceites vegetales. Contiene: GLUTEN, LECHE, HUEVO. Conservar en lugar fresco.",PASS,Etiqueta conforme. Alérgenos declarados y resaltados.
OCR-9716,2026-09-13 15:47:00,BAT-5182,PROD_06,"GLUTEN,LECHE,HUEVO","GLUTEN,LECHE,HUEVO","INGREDIENTES: Harina de trigo, azúcar, aceites vegetales. Contiene: GLUTEN, LECHE, HUEVO. Conservar en lugar fresco.",PASS,Etiqueta conforme. Alérgenos declarados y resaltados.
OCR-9717,2026-09-13 13:40:00,BAT-5182,PROD_06,"GLUTEN,LECHE,HUEVO","GLUTEN,LECHE,HUEVO","INGREDIENTES: Harina de trigo, azúcar, aceites vegetales. Contiene: GLUTEN, LECHE, HUEVO. Conservar en lugar fresco.",PASS,Etiqueta conforme. Alérgenos declarados y resaltados.
OCR-9718,2026-09-14 08:48:00,BAT-5183,PROD_01,GLUTEN,GLUTEN,"INGREDIENTES: Harina de trigo, azúcar, aceites vegetales. Contiene: GLUTEN. Conservar en lugar fresco.",PASS,Etiqueta conforme. Alérgenos declarados y resaltados.
OCR-9719,2026-09-14 06:56:00,BAT-5183,PROD_01,GLUTEN,GLUTEN,"INGREDIENTES: Harina de trigo, azúcar, aceites vegetales. Contiene: GLUTEN. Conservar en lugar fresco.",PASS,Etiqueta conforme. Alérgenos declarados y resaltados.
OCR-9720,2026-09-14 06:31:00,BAT-5183,PROD_01,GLUTEN,GLUTEN,"INGREDIENTES: Harina de trigo, azúcar, aceites vegetales. Contiene: GLUTEN. Conservar en lugar fresco.",PASS,Etiqueta conforme. Alérgenos declarados y resaltados.
OCR-9721,2026-09-14 13:56:00,BAT-5184,PROD_02,"GLUTEN,SÉSAMO","GLUTEN,SÉSAMO","INGREDIENTES: Harina de trigo, azúcar, aceites vegetales. Contiene: GLUTEN, SÉSAMO. Conservar en lugar fresco.",PASS,Etiqueta conforme. Alérgenos declarados y resaltados.
OCR-9722,2026-09-14 14:18:00,BAT-5184,PROD_02,"GLUTEN,SÉSAMO","GLUTEN,SÉSAMO","INGREDIENTES: Harina de trigo, azúcar, aceites vegetales. Contiene: GLUTEN, SÉSAMO. Conservar en lugar fresco.",PASS,Etiqueta conforme. Alérgenos declarados y resaltados.
OCR-9723,2026-09-14 12:18:00,BAT-5184,PROD_02,"GLUTEN,SÉSAMO","GLUTEN,SÉSAMO","INGREDIENTES: Harina de trigo, azúcar, aceites vegetales. Contiene: GLUTEN, SÉSAMO. Conservar en lugar fresco.",PASS,Etiqueta conforme. Alérgenos declarados y resaltados.
OCR-9724,2026-09-14 13:26:00,BAT-5184,PROD_02,"GLUTEN,SÉSAMO","GLUTEN,SÉSAMO","INGREDIENTES: Harina de trigo, azúcar, aceites vegetales. Contiene: GLUTEN, SÉSAMO. Conservar en lugar fresco.",PASS,Etiqueta conforme. Alérgenos declarados y resaltados.
OCR-9725,2026-09-14 16:19:00,BAT-5185,PROD_03,"GLUTEN,LECHE,SOJA","GLUTEN,LECHE,SOJA","INGREDIENTES: Harina de trigo, azúcar, aceites vegetales. Contiene: GLUTEN, LECHE, SOJA. Conservar en lugar fresco.",PASS,Etiqueta conforme. Alérgenos declarados y resaltados.
OCR-9726,2026-09-14 16:05:00,BAT-5185,PROD_03,"GLUTEN,LECHE,SOJA","GLUTEN,LECHE,SOJA","INGREDIENTES: Harina de trigo, azúcar, aceites vegetales. Contiene: GLUTEN, LECHE, SOJA. Conservar en lugar fresco.",PASS,Etiqueta conforme. Alérgenos declarados y resaltados.
OCR-9727,2026-09-14 18:52:00,BAT-5185,PROD_03,"GLUTEN,LECHE,SOJA","GLUTEN,LECHE,SOJA","INGREDIENTES: Harina de trigo, azúcar, aceites vegetales. Contiene: GLUTEN, LECHE, SOJA. Conservar en lugar fresco.",PASS,Etiqueta conforme. Alérgenos declarados y resaltados.
OCR-9728,2026-09-14 17:56:00,BAT-5185,PROD_03,"GLUTEN,LECHE,SOJA","GLUTEN,LECHE,SOJA","INGREDIENTES: Harina de trigo, azúcar, aceites vegetales. Contiene: GLUTEN, LECHE, SOJA. Conservar en lugar fresco.",PASS,Etiqueta conforme. Alérgenos declarados y resaltados.
OCR-9729,2026-09-14 16:14:00,BAT-5185,PROD_03,"GLUTEN,LECHE,SOJA","GLUTEN,LECHE,SOJA","INGREDIENTES: Harina de trigo, azúcar, aceites vegetales. Contiene: GLUTEN, LECHE, SOJA. Conservar en lugar fresco.",PASS,Etiqueta conforme. Alérgenos declarados y resaltados.
OCR-9730,2026-09-14 22:39:00,BAT-5186,PROD_04,"GLUTEN,LECHE,SOJA,AVELLANA","GLUTEN,LECHE,SOJA,AVELLANA","INGREDIENTES: Harina de trigo, azúcar, aceites vegetales. Contiene: GLUTEN, LECHE, SOJA, AVELLANA. Conservar en lugar fresco.",PASS,Etiqueta conforme. Alérgenos declarados y resaltados.
OCR-9731,2026-09-14 21:00:00,BAT-5186,PROD_04,"GLUTEN,LECHE,SOJA,AVELLANA","GLUTEN,LECHE,SOJA","INGREDIENTES: Harina de trigo, azúcar, aceites vegetales. Contiene: GLUTEN, LECHE, SOJA. Conservar en lugar fresco.",FAIL_MISSING_ALLERGEN,ALERTA: Faltan alérgenos obligatorios en el texto impreso.
OCR-9732,2026-09-14 21:35:00,BAT-5186,PROD_04,"GLUTEN,LECHE,SOJA,AVELLANA","GLUTEN,LECHE,SOJA,AVELLANA","INGREDIENTES: Harina de trigo, azúcar, aceites vegetales. Contiene: GLUTEN, LECHE, SOJA, AVELLANA. Conservar en lugar fresco.",PASS,Etiqueta conforme. Alérgenos declarados y resaltados.
OCR-9733,2026-09-14 21:08:00,BAT-5186,PROD_04,"GLUTEN,LECHE,SOJA,AVELLANA","GLUTEN,LECHE,SOJA,AVELLANA","INGREDIENTES: Harina de trigo, azúcar, aceites vegetales. Contiene: GLUTEN, LECHE, SOJA, AVELLANA. Conservar en lugar fresco.",PASS,Etiqueta conforme. Alérgenos declarados y resaltados.
OCR-9734,2026-09-14 23:27:00,BAT-5186,PROD_04,"GLUTEN,LECHE,SOJA,AVELLANA","GLUTEN,LECHE,SOJA,AVELLANA","INGREDIENTES: Harina de trigo, azúcar, aceites vegetales. Contiene: GLUTEN, LECHE, SOJA, AVELLANA. Conservar en lugar fresco.",PASS,Etiqueta conforme. Alérgenos declarados y resaltados.
OCR-9735,2026-09-14 06:40:00,BAT-5187,PROD_01,GLUTEN,GLUTEN,"INGREDIENTES: Harina de trigo, azúcar, aceites vegetales. Contiene: GLUTEN. Conservar en lugar fresco.",PASS,Etiqueta conforme. Alérgenos declarados y resaltados.
OCR-9736,2026-09-14 06:34:00,BAT-5187,PROD_01,GLUTEN,GLUTEN,"INGREDIENTES: Harina de trigo, azúcar, aceites vegetales. Contiene: GLUTEN. Conservar en lugar fresco.",PASS,Etiqueta conforme. Alérgenos declarados y resaltados.
OCR-9737,2026-09-14 09:31:00,BAT-5187,PROD_01,GLUTEN,GLUTEN,"INGREDIENTES: Harina de trigo, azúcar, aceites vegetales. Contiene: GLUTEN. Conservar en lugar fresco.",PASS,Etiqueta conforme. Alérgenos declarados y resaltados.
OCR-9738,2026-09-14 13:22:00,BAT-5188,PROD_02,"GLUTEN,SÉSAMO","GLUTEN,SÉSAMO","INGREDIENTES: Harina de trigo, azúcar, aceites vegetales. Contiene: GLUTEN, SÉSAMO. Conservar en lugar fresco.",PASS,Etiqueta conforme. Alérgenos declarados y resaltados.
OCR-9739,2026-09-14 12:54:00,BAT-5188,PROD_02,"GLUTEN,SÉSAMO","GLUTEN,SÉSAMO","INGREDIENTES: Harina de trigo, azúcar, aceites vegetales. Contiene: GLUTEN, SÉSAMO. Conservar en lugar fresco.",PASS,Etiqueta conforme. Alérgenos declarados y resaltados.
OCR-9740,2026-09-14 14:25:00,BAT-5188,PROD_02,"GLUTEN,SÉSAMO","GLUTEN,SÉSAMO","INGREDIENTES: Harina de trigo, azúcar, aceites vegetales. Contiene: GLUTEN, SÉSAMO. Conservar en lugar fresco.",PASS,Etiqueta conforme. Alérgenos declarados y resaltados.
OCR-9741,2026-09-14 13:37:00,BAT-5188,PROD_02,"GLUTEN,SÉSAMO","GLUTEN,SÉSAMO","INGREDIENTES: Harina de trigo, azúcar, aceites vegetales. Contiene: GLUTEN, SÉSAMO. Conservar en lugar fresco.",PASS,Etiqueta conforme. Alérgenos declarados y resaltados.
OCR-9742,2026-09-14 16:42:00,BAT-5189,PROD_06,"GLUTEN,LECHE,HUEVO","GLUTEN,LECHE,HUEVO","INGREDIENTES: Harina de trigo, azúcar, aceites vegetales. Contiene: GLUTEN, LECHE, HUEVO. Conservar en lugar fresco.",PASS,Etiqueta conforme. Alérgenos declarados y resaltados.
OCR-9743,2026-09-14 18:44:00,BAT-5189,PROD_06,"GLUTEN,LECHE,HUEVO","GLUTEN,LECHE,HUEVO","INGREDIENTES: Harina de trigo, azúcar, aceites vegetales. Contiene: GLUTEN, LECHE, HUEVO. Conservar en lugar fresco.",PASS,Etiqueta conforme. Alérgenos declarados y resaltados.
OCR-9744,2026-09-14 19:12:00,BAT-5189,PROD_06,"GLUTEN,LECHE,HUEVO","GLUTEN,LECHE,HUEVO","INGREDIENTES: Harina de trigo, azúcar, aceites vegetales. Contiene: GLUTEN, LECHE, HUEVO. Conservar en lugar fresco.",PASS,Etiqueta conforme. Alérgenos declarados y resaltados.
OCR-9745,2026-09-14 19:19:00,BAT-5189,PROD_06,"GLUTEN,LECHE,HUEVO","GLUTEN,LECHE,HUEVO","INGREDIENTES: Harina de trigo, azúcar, aceites vegetales. Contiene: GLUTEN, LECHE, HUEVO. Conservar en lugar fresco.",PASS,Etiqueta conforme. Alérgenos declarados y resaltados.
OCR-9746,2026-09-14 21:23:00,BAT-5190,PROD_03,"GLUTEN,LECHE,SOJA","GLUTEN,LECHE,SOJA","INGREDIENTES: Harina de trigo, azúcar, aceites vegetales. Contiene: GLUTEN, LECHE, SOJA. Conservar en lugar fresco.",PASS,Etiqueta conforme. Alérgenos declarados y resaltados.
OCR-9747,2026-09-14 20:54:00,BAT-5190,PROD_03,"GLUTEN,LECHE,SOJA","GLUTEN,LECHE,SOJA","INGREDIENTES: Harina de trigo, azúcar, aceites vegetales. Contiene: GLUTEN, LECHE, SOJA. Conservar en lugar fresco.",PASS,Etiqueta conforme. Alérgenos declarados y resaltados.
OCR-9748,2026-09-14 21:36:00,BAT-5190,PROD_03,"GLUTEN,LECHE,SOJA","GLUTEN,LECHE,SOJA","INGREDIENTES: Harina de trigo, azúcar, aceites vegetales. Contiene: GLUTEN, LECHE, SOJA. Conservar en lugar fresco.",PASS,Etiqueta conforme. Alérgenos declarados y resaltados.
OCR-9749,2026-09-14 08:36:00,BAT-5191,PROD_06,"GLUTEN,LECHE,HUEVO","GLUTEN,LECHE,HUEVO","INGREDIENTES: Harina de trigo, azúcar, aceites vegetales. Contiene: GLUTEN, LECHE, HUEVO. Conservar en lugar fresco.",PASS,Etiqueta conforme. Alérgenos declarados y resaltados.
OCR-9750,2026-09-14 07:38:00,BAT-5191,PROD_06,"GLUTEN,LECHE,HUEVO","GLUTEN,LECHE,HUEVO","INGREDIENTES: Harina de trigo, azúcar, aceites vegetales. Contiene: GLUTEN, LECHE, HUEVO. Conservar en lugar fresco.",PASS,Etiqueta conforme. Alérgenos declarados y resaltados.
OCR-9751,2026-09-14 06:18:00,BAT-5191,PROD_06,"GLUTEN,LECHE,HUEVO","GLUTEN,LECHE,HUEVO","INGREDIENTES: Harina de trigo, azúcar, aceites vegetales. Contiene: GLUTEN, LECHE, HUEVO. Conservar en lugar fresco.",PASS,Etiqueta conforme. Alérgenos declarados y resaltados.
OCR-9752,2026-09-14 07:54:00,BAT-5191,PROD_06,"GLUTEN,LECHE,HUEVO","GLUTEN,LECHE,HUEVO","INGREDIENTES: Harina de trigo, azúcar, aceites vegetales. Contiene: GLUTEN, LECHE, HUEVO. Conservar en lugar fresco.",PASS,Etiqueta conforme. Alérgenos declarados y resaltados.
OCR-9753,2026-09-14 11:39:00,BAT-5192,PROD_05,"GLUTEN,CACAHUETE,SOJA","GLUTEN,CACAHUETE,SOJA","INGREDIENTES: Harina de trigo, azúcar, aceites vegetales. Contiene: GLUTEN, CACAHUETE, SOJA. Conservar en lugar fresco.",PASS,Etiqueta conforme. Alérgenos declarados y resaltados.
OCR-9754,2026-09-14 11:01:00,BAT-5192,PROD_05,"GLUTEN,CACAHUETE,SOJA","GLUTEN,CACAHUETE,SOJA","INGREDIENTES: Harina de trigo, azúcar, aceites vegetales. Contiene: GLUTEN, CACAHUETE, SOJA. Conservar en lugar fresco.",PASS,Etiqueta conforme. Alérgenos declarados y resaltados.
OCR-9755,2026-09-14 11:01:00,BAT-5192,PROD_05,"GLUTEN,CACAHUETE,SOJA","GLUTEN,CACAHUETE,SOJA","INGREDIENTES: Harina de trigo, azúcar, aceites vegetales. Contiene: GLUTEN, CACAHUETE, SOJA. Conservar en lugar fresco.",PASS,Etiqueta conforme. Alérgenos declarados y resaltados.
OCR-9756,2026-09-14 12:09:00,BAT-5192,PROD_05,"GLUTEN,CACAHUETE,SOJA","GLUTEN,CACAHUETE,SOJA","INGREDIENTES: Harina de trigo, azúcar, aceites vegetales. Contiene: GLUTEN, CACAHUETE, SOJA. Conservar en lugar fresco.",PASS,Etiqueta conforme. Alérgenos declarados y resaltados.
OCR-9757,2026-09-14 10:49:00,BAT-5192,PROD_05,"GLUTEN,CACAHUETE,SOJA","GLUTEN,CACAHUETE,SOJA","INGREDIENTES: Harina de trigo, azúcar, aceites vegetales. Contiene: GLUTEN, CACAHUETE, SOJA. Conservar en lugar fresco.",PASS,Etiqueta conforme. Alérgenos declarados y resaltados.
OCR-9758,2026-09-14 16:42:00,BAT-5193,PROD_04,"GLUTEN,LECHE,SOJA,AVELLANA","GLUTEN,LECHE,SOJA,AVELLANA","INGREDIENTES: Harina de trigo, azúcar, aceites vegetales. Contiene: GLUTEN, LECHE, SOJA, AVELLANA. Conservar en lugar fresco.",PASS,Etiqueta conforme. Alérgenos declarados y resaltados.
OCR-9759,2026-09-14 18:15:00,BAT-5193,PROD_04,"GLUTEN,LECHE,SOJA,AVELLANA","GLUTEN,LECHE,SOJA,AVELLANA","INGREDIENTES: Harina de trigo, azúcar, aceites vegetales. Contiene: GLUTEN, LECHE, SOJA, AVELLANA. Conservar en lugar fresco.",PASS,Etiqueta conforme. Alérgenos declarados y resaltados.
OCR-9760,2026-09-14 15:59:00,BAT-5193,PROD_04,"GLUTEN,LECHE,SOJA,AVELLANA","GLUTEN,LECHE,SOJA","INGREDIENTES: Harina de trigo, azúcar, aceites vegetales. Contiene: GLUTEN, LECHE, SOJA. Conservar en lugar fresco.",FAIL_MISSING_ALLERGEN,ALERTA: Faltan alérgenos obligatorios en el texto impreso.
OCR-9761,2026-09-14 17:59:00,BAT-5193,PROD_04,"GLUTEN,LECHE,SOJA,AVELLANA","GLUTEN,LECHE,SOJA,AVELLANA","INGREDIENTES: Harina de trigo, azúcar, aceites vegetales. Contiene: GLUTEN, LECHE, SOJA, AVELLANA. Conservar en lugar fresco.",PASS,Etiqueta conforme. Alérgenos declarados y resaltados.
OCR-9762,2026-09-14 07:24:00,BAT-5194,PROD_02,"GLUTEN,SÉSAMO","GLUTEN,SÉSAMO","INGREDIENTES: Harina de trigo, azúcar, aceites vegetales. Contiene: GLUTEN, SÉSAMO. Conservar en lugar fresco.",PASS,Etiqueta conforme. Alérgenos declarados y resaltados.
OCR-9763,2026-09-14 07:57:00,BAT-5194,PROD_02,"GLUTEN,SÉSAMO","GLUTEN,SÉSAMO","INGREDIENTES: Harina de trigo, azúcar, aceites vegetales. Contiene: GLUTEN, SÉSAMO. Conservar en lugar fresco.",PASS,Etiqueta conforme. Alérgenos declarados y resaltados.
OCR-9764,2026-09-14 07:45:00,BAT-5194,PROD_02,"GLUTEN,SÉSAMO",GLUTEN,"INGREDIENTES: Harina de trigo, azúcar, aceites vegetales. Contiene: GLUTEN. Conservar en lugar fresco.",FAIL_MISSING_ALLERGEN,ALERTA: Faltan alérgenos obligatorios en el texto impreso.
OCR-9765,2026-09-14 08:58:00,BAT-5194,PROD_02,"GLUTEN,SÉSAMO","GLUTEN,SÉSAMO","INGREDIENTES: Harina de trigo, azúcar, aceites vegetales. Contiene: GLUTEN, SÉSAMO. Conservar en lugar fresco.",PASS,Etiqueta conforme. Alérgenos declarados y resaltados.
OCR-9766,2026-09-14 10:26:00,BAT-5194,PROD_02,"GLUTEN,SÉSAMO",GLUTEN,"INGREDIENTES: Harina de trigo, azúcar, aceites vegetales. Contiene: GLUTEN. Conservar en lugar fresco.",FAIL_MISSING_ALLERGEN,ALERTA: Faltan alérgenos obligatorios en el texto impreso.
OCR-9767,2026-09-14 13:11:00,BAT-5195,PROD_03,"GLUTEN,LECHE,SOJA","GLUTEN,LECHE,SOJA","INGREDIENTES: Harina de trigo, azúcar, aceites vegetales. Contiene: GLUTEN, LECHE, SOJA. Conservar en lugar fresco.",PASS,Etiqueta conforme. Alérgenos declarados y resaltados.
OCR-9768,2026-09-14 13:15:00,BAT-5195,PROD_03,"GLUTEN,LECHE,SOJA","GLUTEN,LECHE,SOJA","INGREDIENTES: Harina de trigo, azúcar, aceites vegetales. Contiene: GLUTEN, LECHE, SOJA. Conservar en lugar fresco.",PASS,Etiqueta conforme. Alérgenos declarados y resaltados.
OCR-9769,2026-09-14 13:59:00,BAT-5195,PROD_03,"GLUTEN,LECHE,SOJA","GLUTEN,LECHE,SOJA","INGREDIENTES: Harina de trigo, azúcar, aceites vegetales. Contiene: GLUTEN, LECHE, SOJA. Conservar en lugar fresco.",PASS,Etiqueta conforme. Alérgenos declarados y resaltados.
OCR-9770,2026-09-14 13:54:00,BAT-5195,PROD_03,"GLUTEN,LECHE,SOJA","GLUTEN,LECHE,SOJA","INGREDIENTES: Harina de trigo, azúcar, aceites vegetales. Contiene: GLUTEN, LECHE, SOJA. Conservar en lugar fresco.",PASS,Etiqueta conforme. Alérgenos declarados y resaltados.
OCR-9771,2026-09-14 18:51:00,BAT-5196,PROD_06,"GLUTEN,LECHE,HUEVO","GLUTEN,LECHE","INGREDIENTES: Harina de trigo, azúcar, aceites vegetales. Contiene: GLUTEN, LECHE. Conservar en lugar fresco.",FAIL_MISSING_ALLERGEN,ALERTA: Faltan alérgenos obligatorios en el texto impreso.
OCR-9772,2026-09-14 16:42:00,BAT-5196,PROD_06,"GLUTEN,LECHE,HUEVO","GLUTEN,LECHE,HUEVO","INGREDIENTES: Harina de trigo, azúcar, aceites vegetales. Contiene: GLUTEN, LECHE, HUEVO. Conservar en lugar fresco.",PASS,Etiqueta conforme. Alérgenos declarados y resaltados.
OCR-9773,2026-09-14 17:24:00,BAT-5196,PROD_06,"GLUTEN,LECHE,HUEVO","GLUTEN,LECHE,HUEVO","INGREDIENTES: Harina de trigo, azúcar, aceites vegetales. Contiene: GLUTEN, LECHE, HUEVO. Conservar en lugar fresco.",PASS,Etiqueta conforme. Alérgenos declarados y resaltados.
OCR-9774,2026-09-14 22:22:00,BAT-5197,PROD_04,"GLUTEN,LECHE,SOJA,AVELLANA","GLUTEN,LECHE,SOJA,AVELLANA","INGREDIENTES: Harina de trigo, azúcar, aceites vegetales. Contiene: GLUTEN, LECHE, SOJA, AVELLANA. Conservar en lugar fresco.",PASS,Etiqueta conforme. Alérgenos declarados y resaltados.
OCR-9775,2026-09-14 21:32:00,BAT-5197,PROD_04,"GLUTEN,LECHE,SOJA,AVELLANA","GLUTEN,LECHE,SOJA,AVELLANA","INGREDIENTES: Harina de trigo, azúcar, aceites vegetales. Contiene: GLUTEN, LECHE, SOJA, AVELLANA. Conservar en lugar fresco.",PASS,Etiqueta conforme. Alérgenos declarados y resaltados.
OCR-9776,2026-09-14 20:54:00,BAT-5197,PROD_04,"GLUTEN,LECHE,SOJA,AVELLANA","GLUTEN,LECHE,SOJA,AVELLANA","INGREDIENTES: Harina de trigo, azúcar, aceites vegetales. Contiene: GLUTEN, LECHE, SOJA, AVELLANA. Conservar en lugar fresco.",PASS,Etiqueta conforme. Alérgenos declarados y resaltados.
OCR-9777,2026-09-14 21:51:00,BAT-5197,PROD_04,"GLUTEN,LECHE,SOJA,AVELLANA","GLUTEN,LECHE,SOJA,AVELLANA","INGREDIENTES: Harina de trigo, azúcar, aceites vegetales. Contiene: GLUTEN, LECHE, SOJA, AVELLANA. Conservar en lugar fresco.",PASS,Etiqueta conforme. Alérgenos declarados y resaltados.
